doc_id,party_slug,party_name,year,title,text_path,word_count,chunk_count,salient_chunk_count,salient_chunk_share,long_term_hits,short_term_hits,definite_commitment_hits,aspirational_hits,future_tense_hits,present_urgency_hits,prevention_hits,investment_hits,resilience_hits,relief_hits,intergenerational_hits,institutional_hits,temporal_orientation_score,commitment_strength_score,investment_stewardship_score,risk_resilience_score,intergenerational_reference_score,institutional_commitment_score,headline_long_termism_score,temporal_positive_example,temporal_negative_example,commitment_positive_example,commitment_negative_example,investment_positive_example,investment_negative_example,resilience_positive_example,resilience_negative_example,institutional_positive_example
672df2ffa80fd0f8,alliance,Social Democratic Party,1983,Joint programme of the Liberal/SDP Alliance: Working Together for Britain,manifestos/analysis/text/alliance/alliance-1983.txt,13258,325,79,0.243,44,46,61,43,220,30,4,136,21,91,14,23,48.9,58.7,59.9,37.7,31.7,69.4,51.0,"chunk 10: Our concern is for the long-term, not just for tomorrow. We do not want to solve our immediate problems by piling up new crises for future generations. So when we plan for industrial recovery, we are not simply seeking…",chunk 57: Previous incomes policies have been short term reactions to crisis. They have been reversals of earlier policies. They have had no mandate from the electorate. The Alliance presents its policy now because that is both h…,"chunk 62: The Alliance is committed to policies which will invest resources in the high-technology industries of the future. We are committed to a major new effort in education and training. We are pledged to trade union reform,…","chunk 287: Labour is now pledged to policies which would isolate and weaken Britain - import controls, unilateral withdrawal from the EEC, one-sided disarmament. If these policies were enacted our Allies would lose all confidence…","chunk 36: to reverse the reduction in public investment which over the last decade has been little short of catastrophic, through a selective programme of capital investment in the water and sewerage systems, electrification of r…","chunk 189: The quality of care will also be improved by our policies in three related areas. First, the continuing commitment of all NHS staff is vital if the health service is to deliver the best care it can. This means NHS staff…","chunk 190: prevention of accidents, illness and stress, making sure that health and safety legislation is properly applied and reducing environmental risks, for example by removing lead in petrol. Third, we will work for much clos…",,chunk 267: we shall create a UK Commission of Human Rights to help people bring proceedings under the Bill of Rights to secure compliance with its provisions. This will incorporate the existing Equal Opportunities Commission and C…
ca22741d2c8511be,alliance,Alliance Party of Northern Ireland,2019,Demand better.,manifestos/analysis/text/alliance/alliance-2019.txt,12489,157,93,0.592,66,30,32,52,84,13,8,86,43,33,14,23,68.8,38.1,72.3,81.7,33.6,73.7,61.4,chunk 101: Building an Integrated Society For Everyone – A Shared Future in Northern Ireland We believe radical changes are required to reduce the impact of division on our society and to achieve a shared future. Alliance has a vi…,"chunk 37: Our Campaign for a People’s Vote In order to stop Brexit the most coherent, feasible and democratic way forward is a People’s Vote. The 2016 Referendum was an unclear choice between a clearly defined Remain and an undef…",chunk 127: Supporting Local Economic Development and Trade Alliance is committed to developing the local economy in Northern Ireland. Our aim is to make Northern Ireland the most innovative and dynamic regional economy in Europe.…,"chunk 40: A Special Deal for Northern Ireland If Brexit happens and a softer version of Brexit is ruled out, UK-wide, then Alliance will support a special set of arrangements to reflect the particular circumstances of Northern Ir…","chunk 130: Science, Skills and Innovation Alliance believes that the future of the economy will be based on securing high-tech, highly innovative and highly-skilled jobs. Creating such an economy needs to be based on work that wou…",chunk 63: Work and Welfare Alliance will continue to argue for a fairer UK-wide benefits system as this will have the greatest impact on what we are able to afford in Northern Ireland. We want to undo the Conservatives’ welfare p…,"chunk 133: Crime, Security and Justice Policing and Security Most policing and justice powers were devolved to the Northern Ireland Assembly in 2010. However, there is still a role for Northern Ireland MPs to promote crime prevent…",,"chunk 85: Climate Frameworks and Finance In order to tackle the climate emergency effectively, we need to ensure climate action is at the heart of every relevant decision at every level of government. Whilst some schemes need a U…"
2e866eb3f6af2015,alliance,Alliance Party of Northern Ireland,2024,Alliance Party Westminster manifesto 2024. Alliance leading change for everyone,manifestos/analysis/text/alliance/alliance-2024.txt,16059,305,148,0.485,77,43,33,54,78,13,12,113,57,59,13,29,64.2,37.9,65.7,85.9,24.3,72.2,58.4,"chunk 97: 1.3 SHARED FUTURE The Alliance Party vision is of a shared future where everyone is safe, can make a positive contribution and is treated fairly and with respect. We believe in a society for everyone, underpinned by our…","chunk 176: The climate crisis has existential implications for our planet and humanity. The world, and particularly the UK, is not on course to meet net-zero targets of the Paris Climate Agreement, which is considered the bare min…","chunk 33: This election is a chance not only to remove a negative, destructive Conservative government but also to hold to account those local politicians who propped up, supported and backed some of their most divisive, regressi…","chunk 122: On this basis, Alliance believes there is scope to unlock additional expenditure at a UK Government level, including for NI. This can be done in a fiscally prudent manner to prevent unintended consequences regarding fin…","chunk 156: In other sections of this manifesto, Alliance sets out our proposals for a Green New Deal and our relationship with the EU, both of which are central to the development of a new economic plan. In addition to those steps…","chunk 124: Taxation Alliance maintains that there is potential for a fairer, more redistributive system without any additional tax being levied on ordinary working households. We believe the current UK taxation policy fails to ade…","chunk 122: On this basis, Alliance believes there is scope to unlock additional expenditure at a UK Government level, including for NI. This can be done in a fiscally prudent manner to prevent unintended consequences regarding fin…",,"chunk 254: 7.2 IMPLEMENTING THE WINDSOR FRAMEWORK Alliance broadly welcomes the Windsor Framework as a mitigation of some of Brexit’s impacts. However, we are clear that it remains an imperfect solution, with some issues still out…"
71b8d6f517d68d64,brexit,Brexit Party,2019,The Brexit Party manifesto 2019,manifestos/analysis/text/brexit/brexit-2019.txt,2032,138,81,0.587,11,4,8,2,20,4,1,34,1,20,5,5,73.3,80.0,63.0,19.7,73.8,98.4,68.0,chunk 4: Our priority is to Leave the European Union and deliver the Brexit that 17.4m voted for in 2016. Acting on the biggest popular mandate in British history is crucial to restore faith in our democracy. What sort of democr…,chunk 8: The way the political Establishment has conspired to frustrate democracy over Brexit has highlighted the need for fundamental political reform. The Brexit Party can deliver real democratic change because we are not part…,chunk 74: Ensure that the UK maintains its commitment to NATO and meets its commitment to spend 2% of GDP on defence as an absolute minimum.,chunk 19: Make the Civil Service more accountable to the public – we would require civil servants to sign an oath to act with political neutrality.,chunk 33: Invest in digital infrastructure: partner with service providers to offer free base level domestic broadband in deprived regions and free Wi-Fi on all public transport.,"chunk 6: The old mainstream parties have made ‘manifesto’ a dirty word. Everybody knows that a manifesto is little more than a set of vague promises that its authors have no intention of keeping. By contrast, our Contract with t…","chunk 55: A Clean-Break Brexit is a chance to reduce the cost of living for working families. The impact of EU policies on energy prices costs us jobs and punishes the poorest in society, while the EU Customs Union prevents us cu…",,chunk 17: Reform the Supreme Court – judges who play a role in politics must be subject to political scrutiny. Ensure political balance by broadening participation in the Selection Commission or conduct interviews by Parliamentar…
2562092114e0556f,conservative,Conservative Party,1945,Mr Churchill's declaration of policy to the electors,manifestos/analysis/text/conservative/conservative-1945.txt,6115,125,25,0.2,24,21,3,14,94,10,2,32,11,11,6,1,53.3,17.6,74.4,42.5,29.4,6.5,37.3,"chunk 70: Motherhood must be our special care. There must be a large increase of maternity beds and convalescent homes, and they must be provided in the right places. Mothers must be relieved of onerous duties which at such times…","chunk 38: We must add to our building labour force as quickly as we can. The strength of the industry was 1,000,000 men before the war. Now it is down to under 400,000. We have already made our plans to expand it as quickly as po…","chunk 82: The more efficient British industry is and the fuller the use it makes of modern methods and materials, the higher will be the standard of well-being that is possible for our people. We will stimulate scientific researc…",chunk 13: There are still many difficulties to overcome. It would be wrong to pretend that so far full success has been gained. Despair would be a crime. We must persevere by any road that opens towards the uplands on which will…,"chunk 19: Our record in colonial government is unsurpassed. Our responsibility to the Colonies is to lead them forward to self-governing institutions; to help them to raise their standards of life by agricultural advance, the app…",chunk 115: The State has no resources of its own. It can only spend what it takes from the people in taxes or borrowing. Britain is now a nation of taxpayers. Its record of providing more than half of the national expenditure duri…,"chunk 22: I am in agreement with Mr. Bevin and other Leaders of the Socialist Party that, until the end of the Japanese War and, I hope, until the World Security Organization has become a reality, all citizens under a democratic…",,"chunk 39: In blitzed areas the repair of war-damaged houses and the rebuilding of those destroyed will be given high priority. In the first two years, as the labour force grows, we intend to build at least 220,000 permanent new h…"
63726c018662b59b,conservative,Conservative Party,1950,This is the road: the Conservative and Unionist Party’s policy,manifestos/analysis/text/conservative/conservative-1950.txt,7440,179,63,0.352,26,23,5,29,78,13,1,29,19,35,3,9,53.1,14.7,45.3,53.8,12.1,48.4,37.9,chunk 18: There is no foundation for the Socialist claim to have brought us prosperity and security. Ministers themselves have declared that but for American Aid there would have been two million people unemployed.,"chunk 21: In 1945, the Socialists promised that their methods of planning and nationalisation would make the people of Britain masters of their economic destiny. Nothing could be more untrue. Every forecast has proved grossly ove…","chunk 86: For farm produce we shall continue the system, which we introduced during the war, of guaranteed prices based upon an annual price review. Wool should be given a guaranteed price and oats the same treatment as other gua…",chunk 165: It would be our aim to reach a reform and final settlement of the constitution and powers of the House of Lords by means of an all-Party conference called at an appropriate date. It would have before it proposals that:-,chunk 28: An Imperial Economic Conference should consider the whole problem of strengthening the resources of the Empire in order to close the dollar gap. This will speed the development of raw materials and foodstuffs. It will p…,chunk 44: In local government we favour more devolution to the boroughs and district councils to avoid the swarms of full-time organisers and supervisors like those who have sprung up in the health services. The cost of hospital…,chunk 102: We are determined to give a solid base of social security below which none shall fall and above which each must be encouraged to rise to the utmost limit of his ability. We shall encourage instead of penalising those wh…,,"chunk 43: Everyone knows that there is enormous waste. There are too many Ministers and Government Departments and there is too much overlapping of functions between them. For example, the work of the Ministry of Civil Aviation s…"
868eab9000cf07b2,conservative,Conservative Party,1951,The manifesto of the Conservative and Unionist Party,manifestos/analysis/text/conservative/conservative-1951.txt,2640,51,8,0.157,9,12,4,15,31,10,3,14,0,14,1,3,42.9,21.1,50.0,22.7,11.4,45.5,32.3,chunk 5: Contrast our position to-day with what it was six years ago. Then all our foes had yielded. We all had a right to believe and hope that the fear of war would not afflict our generation nor our children. We were respecte…,"chunk 10: The greatest national misfortune which we now endure is the ever falling value of our money, or, to put it in other words, the ever-increasing cost, measured in work and skill, of everything we buy. British taxation is…","chunk 3: There must be no illusions about our difficulties and dangers. It is better to face them squarely as we did in 1940. The Conservative Party, who since victory have had no responsibility for the events which have led us…",chunk 5: Contrast our position to-day with what it was six years ago. Then all our foes had yielded. We all had a right to believe and hope that the fear of war would not afflict our generation nor our children. We were respecte…,"chunk 34: Housing is the first of the social services. It is also one of the keys to increased productivity. Work, family life, health and education are all undermined by overcrowded homes. Therefore a Conservative and Unionist G…","chunk 10: The greatest national misfortune which we now endure is the ever falling value of our money, or, to put it in other words, the ever-increasing cost, measured in work and skill, of everything we buy. British taxation is…","chunk 10: The greatest national misfortune which we now endure is the ever falling value of our money, or, to put it in other words, the ever-increasing cost, measured in work and skill, of everything we buy. British taxation is…",,"chunk 25: We believe in the necessity for reducing to the minimum possible all restrictive practices on both sides of industry, and we shall rely on a greatly strengthened Monopolies Commission to seek, and enable Parliament to c…"
2e6cdaed8ac8a211,conservative,Conservative Party,1955,"United for peace and progress, the Conservative and Unionist Party’s policy",manifestos/analysis/text/conservative/conservative-1955.txt,11864,231,47,0.203,30,44,5,58,90,43,7,78,22,54,5,8,40.5,7.9,59.1,48.9,12.6,27.0,32.7,chunk 19: We must fight with vigour the war on the slums and the war against ill-health and disease. We must equip our rising generation with an education to fit them for the requirements of this new age and to enable them to mak…,"chunk 154: Wherever possible we shall reduce the acreage of land now owned by the State, and shall press ahead with the derequisitioning of Government-held buildings. Local authorities must also restore requisitioned houses and fl…","chunk 14: We have built the unity of the West, and our country has played a leading part in this. We are now ready for wider discussion. We will spare no effort to bring about meetings with the leaders of the Soviet Union and try…","chunk 143: Socialism would merely hinder this task. Instead of thinking how to expand wealth in which all can share, the Socialists continue to ""plan"" the equal division of scarcity. Instead of looking forward to the next twenty-f…","chunk 117: We must see to it that manufacturing industry and agriculture are well served. Ample supplies of steel are vital, particularly to our export trade, and the denationalised iron and steel industry, which is breaking produ…","chunk 30: Indeed, we in Britain are producing, building, selling, earning and buying more to-day than ever before. Personal savings have more than trebled since 1951. Judging by this alone the nation has regained faith in its own…","chunk 43: The Conservative Government will continue to strive for world disarmament. To be real, such disarmament must be balanced, all-round and effectively controlled. We cannot agree to one-sided disarmament. The issue is not…",,chunk 31: The successes of Conservatism have now made possible a fine and ambitious target. We believe that the British people have a real chance during the coming twenty-five years to double their standard of living. The future…
87ed67b6e1d96169,conservative,Conservative Party,1959,"The next five years, the Conservative and Unionist Party’s policy",manifestos/analysis/text/conservative/conservative-1959.txt,5065,136,37,0.272,14,8,3,12,80,11,2,47,4,28,4,6,63.6,20.0,62.7,23.7,23.7,47.4,40.2,"chunk 11: The British economy is sounder today than at any time since the first world war. Sterling has been reestablished as a strong and respected currency. Under Conservative government we have earned abroad £1,600 million mor…","chunk 12: The paraphernalia of controls have been swept away. The call-up is being abolished. We have cut taxes in seven Budgets, whilst continuing to develop the social services. We have provided over two million new homes and a…","chunk 49: Farming in Britain today is efficient and prosperous. Great progress has been made possible by our system of long-term price guarantees and the payment of grants for modern buildings, equipment and techniques. This poli…",chunk 133: The country is disillusioned with nationalisation; but a Labour Government would extend it. People are glad to be free of controls; but a Labour Government would clamp them on again. Everyone welcomes stable prices and…,"chunk 35: As part of our policy of easing general mobility of labour, measures will be taken to encourage re-training. Part of the capacity of the Government Training Centres will be used to make a direct contribution towards the…","chunk 17: While we have been in charge of the nation's affairs, many more of the good things of life have been enjoyed by families large and small, and so long as we remain in charge they will be able to fulfil many more of their…","chunk 7: As for peace, it is of course the supreme purpose of all policy. I have lived through two wars and all my efforts are directed to prevent a third. Events of the last few months give me hope that we may be moving into a…",,"chunk 46: Our first priority in England and Wales will be to complete the five major schemes and motorways, which with their urban links and through routes will provide the framework of a new road system. In Scotland we mean to c…"
8da8d681ffab80e7,conservative,Conservative Party,1964,"‘Prosperity with a Purpose’, Conservative and Unionist Party’s Policy",manifestos/analysis/text/conservative/conservative-1964.txt,8082,219,67,0.306,19,27,3,32,110,19,1,62,24,36,6,11,41.3,8.6,63.3,61.9,22.3,54.4,42.0,"chunk 6: Its object is to declare the principles for which Conservatives stand and to show how we propose to translate them into action. Part of it is a record of achievement, and that is deliberate. For work well done carries c…","chunk 122: Local authority services are expanding in response to public need and demand, but in some instances and areas the cost is outpacing the capacity of householders to pay. We recognise that a reform of the rates is require…","chunk 71: Competition and free choice are the customers' most effective safeguards. We welcome the many signs of growing consumer awareness and influence, and have established and will finance the Consumer Council as a spokesman…",chunk 23: Over 90 per cent. of our defence effort is devoted to conventional arms. But in the nuclear age no money spent on increasing the size or improving the conventional equipment of our forces could by itself secure the defe…,"chunk 78: We are at present carrying through in Government training centres a doubling of the facilities for retraining men and women in new skills. In addition, the industrial training boards which are being set up under our new…",chunk 41: But aid is more than money. Just as vital is the sharing of knowledge and experience. We have multiplied our technical assistance more than sixfold in six years. We set up the new Department of Technical Co-operation in…,"chunk 71: Competition and free choice are the customers' most effective safeguards. We welcome the many signs of growing consumer awareness and influence, and have established and will finance the Consumer Council as a spokesman…",,"chunk 198: We propose to set up a countryside commission with sufficient resources to secure the positive care of countryside and coast, including the national parks. It will be charged with promoting the systematic clearance in t…"
5b26a364e2e6636d,conservative,Conservative Party,1966,Action not Words: New Conservative Programme,manifestos/analysis/text/conservative/conservative-1966.txt,4593,214,68,0.318,8,7,16,6,47,6,4,42,5,36,3,6,53.3,72.7,53.8,39.2,19.6,52.3,48.5,chunk 7: I want to see our social services recognise the overriding claims of those in most need. I want to see choice become once more part of the pattern of life of the individual. I want to see our country with confidence in…,chunk 8: These are the things we must achieve. This manifesto points the way. I ask now for your confidence so that we can put it into effect I call not for words - but for action.,"chunk 55: First we will raise the housing target to an annual rate of 500,000 homes by the end of 1968. We reached our target before, and we will hit it again. We will make use of every new method that works to get the houses up…","chunk 113: Combine the Ministry of Health, the Ministry of Pensions and National Insurance and the National Assistance Board into a single Department with local officers who would have a positive duty to seek out those needing hel…",chunk 174: Expand Government Training Centres and technical education programmes in order to provide the new skills which our new industries need.,"chunk 46: Third, full educational opportunity, putting the needs of the individual child before Party doctrine. The first thing is to get more colleges and schools built, particularly primary schools, and more teachers trained.","chunk 25: Our first aim is this: to run this country's affairs efficiently and realistically so that we achieve steadier prices in the shops, high wages and a really decent standard of social security.",,"chunk 55: First we will raise the housing target to an annual rate of 500,000 homes by the end of 1968. We reached our target before, and we will hit it again. We will make use of every new method that works to get the houses up…"
1124ac91915196eb,conservative,Conservative Party,1970,A Better Tomorrow,manifestos/analysis/text/conservative/conservative-1970.txt,10655,266,41,0.154,45,35,143,45,393,30,8,90,23,72,21,12,56.2,76.1,55.6,58.2,59.1,45.0,58.4,"chunk 205: We will establish a new single system of control over all immigration from overseas. The Home Secretary of the day will have complete control, subject to the machinery for appeal, over the entry of individuals into Brit…","chunk 24: Yet before these locust years of Labour, we had the Conservative years of rising prosperity. Years when Britain's industry expanded faster. When the standard of living grew three times as fast. When prices rose more slo…","chunk 131: We will link expenditure more closely to the creation of new jobs, especially in industries with growth potential, and to improvements in the economic facilities of the development areas. We will maintain regional assis…","chunk 84: It would not apply to food, except for those few items already subject to purchase tax. It would not apply to normal farming activities, nor to very small businesses; and special arrangements would be made for housing.…","chunk 114: We want to help people seeking new and better jobs. This involves provision for redundancy, opportunities for retraining, the maintenance of living standards during retraining, and assistance - particularly with housing…",chunk 29: More taxes. More blanket subsidies. More state ownership. More civil servants. More government interference.,chunk 193: We will take firm action to deal with abuse of the social security system. We will tighten up the administration so as to prevent the whole system being brought into disrepute by the shirkers and the scroungers.,,"chunk 111: The framework of law we will establish will provide for agreements to be binding on both unions and employers. A new Registrar of Trades Unions and Employers' Associations will ensure that their rules are fair, just, de…"
41829c67efb18c02,conservative,Conservative Party,1974,Firm Action for a Fair Britain,manifestos/analysis/text/conservative/conservative-1974-feb.txt,13799,370,56,0.151,56,56,56,51,170,38,10,79,32,80,20,20,50.0,52.3,49.7,60.9,43.5,58.0,52.4,"chunk 311: When we came to power in 1970, there were about 1.5 million coloured people lawfully and permanently settled in this country. The great majority are here to stay. Their children are being born and brought up here and Br…","chunk 344: We have set out in this manifesto our proposals both for dealing with the grave crisis now facing the nation and for building, once the crisis is overcome, on the solid progress made before it broke.","chunk 117: The new Department is also working out the details of a major energy conservation programme, and will announce steps to ensure the maximum efficiency in the use of expensive fuel. We will give a strong lead on improving…","chunk 22: What could destroy, not just our present standard of living but all our hopes for the future, would be inflation we brought upon ourselves.","chunk 128: For the nation as a whole, we have introduced the Training Opportunities Scheme, to meet the needs of an economy in which rapid technological change and new patterns of demand shut down old jobs and open up new ones. We…","chunk 295: We have increased and strengthened the police force. In real terms we are spending today over 15 per cent more on the police than in 1970. For the first time we have over 100,000 men and women in the Police Forces of En…","chunk 119: Taken as a whole, our measures throughout the field of energy will set a secure pattern for the future. But the nation's position must also be safeguarded in the short term. We have already concluded an important agreem…",,"chunk 28: In the end, after all our talks, although we agreed on objectives, the trade unions could not agree with us on a voluntary means of achieving them, and we had to ask Parliament for statutory powers over pay and prices t…"
f1077fffa445a201,conservative,Conservative Party,1974,Putting Britain First,manifestos/analysis/text/conservative/conservative-1974-oct.txt,14320,358,151,0.422,55,47,124,59,344,27,11,96,23,95,35,13,53.9,67.8,50.3,47.5,73.3,36.3,54.9,"chunk 241: For the moment, we cannot afford as a country to do all the things we want for children and young people - in their schools, colleges and universities. But when we have got on top of our present economic difficulties we…","chunk 38: If we are going to make further advances in both individual prosperity and social provision, then we need first to set our economic house in order. But there are some things - housing, pensions and food production - whi…","chunk 32: The Conservative Party, free from dogma and free from dependence upon any single interest, is broadly based throughout the nation. It is our objective to win a clear majority in the House of Commons in this election. Bu…","chunk 53: Every reasonable person knows that if we pay ourselves higher wages than we can afford, sooner or later we shall have to pay higher bills than we can afford. There is the very real danger of a worsening wages explosion…",chunk 157: Our third proposal for extending home ownership is to give a new deal to every council tenant who has been in his home for three years or more. These tenants will have the right to purchase their homes at a price one-th…,"chunk 300: Our troops are still heavily engaged in Northern Ireland. They have carried out their difficult and dangerous task with superb courage, discipline, and skill. No other body of men in the world could have done so well. B…","chunk 200: The National Health Service now faces acute difficulties, which are made all the worse by the impact of inflation. In present economic circumstances, it will not be easy even to maintain existing standards. That is why…",,"chunk 109: Governments of both parties have tried to establish a new legal framework within which industrial relations could develop. As we have said elsewhere, we still believe that our own legislation was soundly based and unfai…"
e804055a0416c79b,conservative,Conservative Party,1979,"The Conservative Manifesto 1979,",manifestos/analysis/text/conservative/conservative-1979.txt,8867,251,98,0.39,23,25,45,37,134,19,8,49,21,66,6,8,47.9,54.9,42.6,65.4,20.3,36.1,44.5,"chunk 158: Surer detection means surer deterrence. We also need better crime prevention measures and more flexible, more effective sentencing. For violent criminals and thugs really tough sentences are essential. But in other case…",chunk 112: LABOUR HAVE GONE to great lengths to try to conceal the damage they have done to the economy and to our prospects of economic expansion. Even in the depression of the 19305 the British economy progressed more than it ha…,"chunk 156: Britain needs strong, efficient police forces with high morale. Improved pay and conditions will help Chief Constables to recruit up to necessary establishment levels. We will therefore implement in full the recommendat…","chunk 146: We believe that radical changes in the operation of the Common Agricultural Policy (CAP) are necessary. We would, in particular, aim to devalue the Green Pound within the normal lifetime of a Parliament to a point which…","chunk 122: We reject Labour's plan for a Wealth Tax. We shall deal with the most damaging features of the Capital Transfer and Capital Gains Taxes, and propose a simpler and less oppressive system of capital taxation in the longer…","chunk 156: Britain needs strong, efficient police forces with high morale. Improved pay and conditions will help Chief Constables to recruit up to necessary establishment levels. We will therefore implement in full the recommendat…","chunk 158: Surer detection means surer deterrence. We also need better crime prevention measures and more flexible, more effective sentencing. For violent criminals and thugs really tough sentences are essential. But in other case…",,chunk 125: Profits are the foundation of a free enterprise economy. In Britain profits are still dangerously low. Price controls can prevent them from reaching a level adequate for the investment we need. In order to ensure effect…
a7414d22269e10e6,conservative,Conservative Party,1983,The challenge of our times,manifestos/analysis/text/conservative/conservative-1983.txt,12031,332,74,0.223,39,58,35,42,109,45,4,80,35,115,11,4,40.2,45.5,41.0,64.8,27.4,13.3,38.7,"chunk 16: Our past is witness to their enduring courage, honesty and flair, and to their ability to change and create. Our future will be shaped by those same qualities.",chunk 23: Our opponents claim that they could abolish unemployment by printing or borrowing thousands of millions of pounds. This is a cruel deceit. Their plans would immediately unleash a far more savage economic crisis than the…,"chunk 249: In Northern Ireland, building upon the courage, commitment and increasing success of our security forces, we will give the highest priority to upholding law and order. We will continue to give the support essential for…",chunk 313: The European Community is the world's largest trading group. It is by far our most important export market. Withdrawal would be a catastrophe for this country. As many as two million jobs would be at risk. We would lose…,"chunk 90: Training for work must start with better, more relevant education at school. For school leavers, we have provided the most imaginative and far-reaching scheme in our history. The Youth Training Scheme offers every 16-ye…","chunk 82: We shall go on reducing the barriers which discourage employers from recruiting more staff, even when they want to. And we shall help to make the job market more flexible and efficient so that more people can work part-…",chunk 8: We have enjoyed peace and security for thirty-eight years - peace with freedom and justice. We dare not put that security at risk.,,"chunk 101: We have abolished the Gas Corporation's statutory monopoly of the supply of North Sea gas to industry. Already there has been a vigorous new lease of life for gas exploration and development in the North Sea, which had…"
ab52743430d141c9,conservative,Conservative Party,1987,The next moves forward,manifestos/analysis/text/conservative/conservative-1987.txt,17845,604,163,0.27,54,55,152,74,354,60,15,136,47,161,24,19,49.5,67.3,45.8,69.5,40.3,42.6,52.5,chunk 69: Nowhere has the spread of ownership been more significant than in housing. Buying their own home is the first step most people take towards building up capital to hand down to their children and grandchildren. It gives…,chunk 13: A vast change separates the Britain of today from the Britain of the late 1970s. Is it really only such a short time ago that inflation rose to an annual rate of 27 per cent? That the leader of the Transport and General…,"chunk 75: We will target improvement grants to where they are most needed - to the least well- off. To meet the special needs of old people, we will ensure that all local authorities have powers to give improvement grants, where…","chunk 556: That policy would abandon the defence policy followed by every British government, Labour or Conservative, since the Second World War. It would expose us to nuclear blackmail from the vast Soviet armoury, to which we wo…",chunk 92: In some areas more may be necessary. The success of Estate Action and Housing Action Areas shows how a carefully targeted approach can transform an area of poor housing and give people there new hope. Our Urban Developm…,"chunk 354: Money is important, but the success of the NHS depends still more on the dedication of the people working in it. There are over 75,000 more doctors, dentists and nurses than in 1978. These extra staff have enabled the N…",chunk 396: For the first time for 40 years the Government has undertaken an overall review of the social security system. The review showed a social security system which was too complex and which too often did not provide help fo…,,"chunk 75: We will target improvement grants to where they are most needed - to the least well- off. To meet the special needs of old people, we will ensure that all local authorities have powers to give improvement grants, where…"
c0334c0f3f06efff,conservative,Conservative Party,1992,The best future for Britain,manifestos/analysis/text/conservative/conservative-1992.txt,29908,1007,249,0.247,109,82,467,95,1089,65,11,251,70,231,46,40,57.1,83.1,52.1,54.2,46.1,53.5,57.7,chunk 278: The future of the coal industry depends crucially on the competitiveness of coal as a fuel for electricity generation. British Coal has made enormous progress in increasing productivity since the end of the 1985 strike…,"chunk 119: For over forty years, our security has been based firmly on NATO, the most successful defensive alliance ever. We will work with our allies to ensure that NATO remains the cornerstone of our defence. Britain will comman…",chunk 261: We will continue our privatisation programme. British Coal will be returned to the private sector. So will local authority bus companies. We will encourage local authorities to sell their airports. We will end British R…,"chunk 803: Labour threaten all these reforms. They would 'uncap' local spending, leading to higher local and national taxes. They would 'uncap' business rates, threatening a return to the 1980s when the English rate poundage rose…","chunk 396: Conservatives believe that high standards in education and training are the key to personal opportunity and national success. We believe in partnership with parents, choice in schools and a good grounding in the basic s…","chunk 500: We will be encouraging police forces to develop local Community Policing, to link the police more closely with the communities they protect. The Metropolitan Police will be reorganised on this basis by the spring of 199…",chunk 99: We strongly support the peace process in the Middle East. The outcome of the talks must safeguard the security of Israel and achieve self-determination for the people of the occupied territories.,,"chunk 750: We believe that the railways can play a bigger part in responding to Britain's growing transport needs, and are investing accordingly Next year alone, British Rail's external finance will top £2,000 million. The new Pas…"
90181f7acb8fdd1e,conservative,Conservative Party,1997,You can only be sure with the Conservatives,manifestos/analysis/text/conservative/conservative-1997.txt,22083,578,102,0.176,100,80,291,72,628,67,10,153,71,180,57,28,55.6,80.2,45.9,73.4,77.4,50.7,63.9,chunk 420: <P> Our aim is for this generation and future generations to take pride in Britain as the best place in the world to live. </P>,"chunk 23: <P> <UL> <LI>The UK is on course to grow faster than both France and Germany for the sixth successive year in 1998 - a post-war record.</LI> <LI>Inflation has now been below 4% for well over 4 years, the longest period…","chunk 169: <P> <I><B>We will intensify our current initiatives of inspections and checks, including more home visits, to crack down further on benefit cheats. We will introduce benefit cards across the country. We will establish a…","chunk 529: <P> We believe this is the right way to go. By contrast, the development of new assemblies in Scotland and Wales would create strains which could well pull apart the Union. That would create a new layer of government wh…","chunk 88: <P> British science enjoys a worldwide reputation for excellence and cost-effectiveness, which makes Britain an attractive base for many domestic and overseas companies. We will continue to invest in science and target…","chunk 365: <P> We back the police every inch of the way. There are now about 16,000 more police officers - and over 18,000 more civilians helping them - than when we took office. We are providing chief constables with the resource…",chunk 119: <P> In the old days people just depended on the weekly pay packet or money from the state. But no job can be secure and the state cannot provide for every eventuality. It is ownership which brings true security and genu…,,chunk 138: <P> Early in the next Parliament we will introduce a Social Services Reform Bill which will create a new statutory framework for social services. The Bill will provide for greater openness and accountability in social s…
4bd3d40605cfa207,conservative,Conservative Party,2001,Time for common sense,manifestos/analysis/text/conservative/conservative-2001.txt,13501,1047,791,0.755,76,36,208,27,532,15,5,43,18,122,36,15,67.9,88.5,26.1,34.1,80.0,44.4,56.8,"chunk 50: They feel it is getting harder to make ends meet, especially when their children are very young. They feel the Government only values childcare if someone else is paid to provide it, and that it doesn’t value marriage a…",chunk 324: regulation. But now we are losing that advantage fast. We don’t,"chunk 304: Clearer and simpler taxes Labour have tried to disguise their tax increases by introducing new stealth taxes and making the tax system more complex. We want people to be able to see how much they pay in tax, and to see…","chunk 473: of standard operation, such as cataract surgery or hip replacements. These units would be funded by the NHS and be free of charge for patients, but could be operated by either NHS or private providers. They would enable…",chunk 884: with local councils to invest in additional infrastructure.,"chunk 175: justice system that reflects our values rather than undermines them More police, tougher sentences • Increase police numbers",chunk 1033: Conservatives continue to believe that the Belfast Agreement offers the best chance for lasting peace and political stability. The key to progress is maintaining confidence on all sides. So the next Conservative Governm…,,"chunk 302: Conservatives understand that our circumstances change through our lives - most of us face financial pressures when we have young children, for example, or find ourselves living on a fixed income in old age. So we will…"
ba17c71177d541dd,conservative,Conservative Party,2005,Are you thinking what we’re thinking? It’s time for action. The Conservative Party manifesto,manifestos/analysis/text/conservative/conservative-2005.txt,7514,600,390,0.65,36,10,119,14,317,16,5,45,27,92,19,7,78.3,89.5,32.8,85.2,75.9,37.3,66.5,chunk 7: We will secure the foundations of a successful and decent society –,chunk 8: and the ability to pull together in a crisis.,"chunk 146: A Conservative Government will lock in economic stability. We will maintain the independence of the Bank of England in setting interest rates. We will not join the Euro. By keeping the pound as our currency, control of…",chunk 2: THE BRITISH DREAM I BELIEVE that Britain could be doing so much better.,chunk 182: A Conservative Government will put the right values at the heart of our education system. We will ensure proper discipline in schools by giving heads and governors full control over admissions and expulsions. We will no…,"chunk 347: More Police • 5,000 extra police a year • Less paperwork and political correctness • More rehab places for addicts • Tougher sentences for career criminals • Prisoners to serve their sentences in full",chunk 281: Public health is important – it affects every family in our country. That is why a Conservative Government will take action to tackle sexually transmitted infections (STIs). In Britain today we face an STI epidemic. Tod…,,chunk 185: The examination system will be made more transparent and accountable. The targets which encourage examiners to award higher and higher grades for the same level of performance will be scrapped. Marks will be published a…
92bb64e141a66dce,conservative,Conservative Party,2010,Invitation to join the government of Britain,manifestos/analysis/text/conservative/conservative-2010.txt,28555,550,134,0.244,145,56,508,62,1115,36,23,146,98,223,54,25,72.1,89.1,39.6,84.7,56.7,35.0,62.9,chunk 228: Julie Fallon “I went to a ‘Cameron Direct’ meeting in our local town hall where David Cameron answered questions from members of the public – and one thing he said that really took hold with me was that he wanted Britai…,"chunk 280: People want an NHS that is easy to access at any time of day or night. We will commission a 24/7 urgent care service in every area of England, including GP out of hours services, and ensure that every patient can access…",chunk 61: 1. Ensure macroeconomic stability: We will safeguard Britain’s credit rating with a credible plan to eliminate the bulk of the structural deficit over a Parliament. Our fiscal policy will seek to help keep interest rate…,chunk 48: foreword Britain needs change: few can doubt that. Our national finances are mired in massive debt. Millions are living the misery of unemployment. Communities are shattered by crime and abuse. People in the public serv…,chunk 121: Improve skills and strengthen higher education Developing economies are able to provide highly-skilled work at a fraction of the cost of British labour. The only way we can compete is by dramatically improving the skill…,chunk 343: • amend the health and safety laws that stand in the way of common sense policing; • give police the power to identify offenders in order to protect the public and prevent crime; • return charging discretion to the poli…,"chunk 506: safe. We will establish a National Security Council to co-ordinate responses to the dangers we face, which will be chaired by the Prime Minister. In addition, we will: • create a National Security Adviser and a new Nati…",,chunk 61: 1. Ensure macroeconomic stability: We will safeguard Britain’s credit rating with a credible plan to eliminate the bulk of the structural deficit over a Parliament. Our fiscal policy will seek to help keep interest rate…
ce048ff35fe557b1,conservative,Conservative Party,2015,"Strong leadership. A clear economic plan. A brighter, more secure future. The Conservative Party manifesto 2015",manifestos/analysis/text/conservative/conservative-2015.txt,31020,402,113,0.281,161,59,742,63,1458,48,29,253,103,301,68,28,73.2,92.2,45.7,85.1,65.8,36.1,66.4,"chunk 162: We will protect children Every child deserves a warm, loving home, and to feel safe online and at school. We have made improving support for children and young people with special educational needs and disabilities a pr…","chunk 222: Volunteering is at a 10-year high, with 3 million more adults giving their time last year than in 2010 In the past five years, there has been real progress. Volunteering is now at a ten-year high, with over three millio…","chunk 6: We have a plan for every stage of your life: FOR THE BEST START IN LIFE we will continue to increase spending on the NHS, provide 7-day a week access to your GP and deliver a truly 7-day NHS – so you know you will alway…",chunk 21: A strong economy allows us to invest in and protect our public services like the NHS and schools And failing to control our debt would be more than an economic failing; it would be a moral failing – leaving our children…,"chunk 87: We will continue to invest in science, back our industrial strategies and make Britain the technology centre of Europe Great science is worthwhile in its own right and yields enormous practical benefits too – curing dis…","chunk 290: Crime is down by more than 20 per cent since 2010, according to the independent Crime Survey, and is at its lowest point since records began. Lower crime means fewer robberies, less violence on our streets, fewer lives…","chunk 371: A stronger voice for our nation on the world stage Our plan of action: We will keep you secure We will tackle global terrorism and the poisonous ideology of Islamist extremism while taking a patient, long-term approach…",,"chunk 119: A welfare system that is fair to those who need it, and fair to those who pay for it too: stopping benefit cheats and ending welfare abuse can spend on certain social security benefits in the five years from 2015-16. We…"
1ebcdf865bcdfb06,conservative,Conservative Party,2017,"Forward, together. Our plan for a stronger Britain and a prosperous future. The Conservative and Unionist Party manifesto 2017",manifestos/analysis/text/conservative/conservative-2017.txt,30269,331,140,0.423,217,59,650,66,1360,48,18,275,104,183,73,36,78.6,90.8,60.0,80.6,72.4,47.6,71.7,"chunk 8: FIVE GIANT CHALLENGES Strong and stable leadership Like generations before us, we are living through a time of profound national change. At such moments, our country requires strong and stable leadership that is capable…","chunk 252: Tackling living costs must mean making consumer markets work fairly. Markets should work for consumers, as well as producers – with competition keeping prices low and encouraging new product development. Poor informatio…","chunk 285: update aspects of their care records, as well as control how their personal data is used. We will continue to expand the number of NHS approved apps that can help monitor care and provide support for physical and mental…",chunk 3: Theresa May Prime Minister,"chunk 289: substandard developments -some only a few years old -and are denied a decent place in which to live, where they can put down roots and raise children. For a country boasting the finest architects and planners in the wor…",chunk 246: Conservatives in government have already acted to help victims of domestic violence to seek refuge. We can and should go further. We need the police to investigate allegations thoroughly and treat victims with the care…,"chunk 314: this commission, we will bring forward a new data protection law, fit for our new data age, to ensure the very best standards for the safe, flexible and dynamic use of data and enshrining our global leadership in the et…",,"chunk 149: As powers return from the EU, we will be able to determine the level best placed to take decisions on these issues, ensuring that power sits closer to the people of the United Kingdom than ever before. We expect that th…"
bd67878b7bb13350,conservative,Conservative Party,2019,Get Brexit done. Unleash Britain's potential,manifestos/analysis/text/conservative/conservative-2019.txt,21482,318,87,0.274,104,24,494,31,999,17,8,262,39,199,39,14,81.2,94.1,56.8,43.8,54.5,26.1,59.4,"chunk 85: Vulnerable children Children who end up in care are more likely to struggle as adults, denied the love and stability most of us take for granted. We will prioritise stable, loving placements for those children – adoptio…",chunk 44:  We will introduce an NHS Visa. Our NHS People Plan will ensure that we train and employ tens of thousands more NHS professionals here in the UK. But we also want to make sure that those from overseas who want to work…,"chunk 109:  We will counter the growing threat of serious and organised crime. We will strengthen the National Crime Agency so it can tackle the threats we face, from fraud, county lines gangs and child sexual abuse to illicit fi…","chunk 7: We believe in superb public services and infrastructure, not just because they are good things in themselves, but because they are the bedrock of a dynamic free market economy. And there is only one way to pay for world…",chunk 160: of homes being built. But we must also rebalance the housing market towards more home ownership – while ensuring fairness for the new generation of renters. While we want to encourage as many people as possible into hom…,"chunk 43: Our NHS People Plan The 1.4 million dedicated staff who deliver world-class care day in, day out are at the heart of the NHS. Our core priority is to make sure this workforce can grow and has the support it needs – in t…","chunk 289: Put our national security first The security of our nation comes first. We will protect the British people at home and abroad, and also ensure that the democratic rights of people in Gibraltar, the Falklands and all our…",,"chunk 298: world-leading target of Net Zero greenhouse gas emissions by 2050, as advised by the independent Committee on Climate Change. We have doubled International Climate Finance. And we will use our position hosting the UN Cl…"
213c999f5590a1f7,conservative,Conservative Party,2024,The Conservative and Unionist Party manifesto 2024. Clear plan. Bold action. Secure future,manifestos/analysis/text/conservative/conservative-2024.txt,28062,278,30,0.108,372,55,552,48,1105,28,15,275,336,234,69,35,87.1,92.0,54.0,100.0,73.8,49.9,76.1,chunk 2: Clear Plan. Bold Action. Secure Future. We have that plan and the courage to take the bold steps necessary to build a secure future for you and your family. A future where hard work and doing the right thing is always r…,"chunk 208: A plan to support the journeys people make every day Reliable transport links are critical for thriving local communities. The £36 billion of savings from HS2 will transform local and regional transport, benefitting mor…",chunk 142: Clear Plan. Bold Action. Secure Future. publish and implement a Major Conditions Strategy to prevent these conditions from occurring and ensure those living with them receive the best possible care. We will also take fo…,"chunk 1: Clear Plan. Bold Action. Secure Future. We are restoring our economic stability after Covid and Ukraine. Inflation is down, real wages are up, growth has returned – and we are cutting taxes to give working people financ…","chunk 25: Investing in infrastructure A Conservative Government will continue to invest in the digital, transport and energy infrastructure needed for businesses to grow. We have transformed our digital infrastructure by rolling…","chunk 156: Clear Plan. Bold Action. Secure Future. § Give every neighbourhood an additional police officer by recruiting 8,000 more police officers to patrol communities and catch criminals in every ward in the country. These full…","chunk 107: Clear Plan. Bold Action. Secure Future. R&D funding to a minimum of 5% of the defence budget, together with an additional 2% to exploit that R&D, accelerating investments in new weapon systems. § Guaranteeing Ukraine th…",,"chunk 228: Clear Plan. Bold Action. Secure Future. farming and rural communities in Scotland, Wales and Northern Ireland alongside a new UK-wide £20 million Farming Innovation Fund. § Introduce a legally binding target to enhance…"
c30dc8bf403edd6c,dup,Democratic Unionist Party,1997,Estimate,manifestos/analysis/text/dup/dup-1997.txt,2584,65,20,0.308,9,6,4,11,22,2,3,3,12,5,0,3,60.0,26.7,37.5,100.0,0.0,46.4,45.1,"chunk 5: HMG and the Dublin Government have made it clear at the Talks that they will not depart from their agreed programme. This Agenda is developed from the Anglo-Irish Agreement, and in particular, the Downing Street Declara…","chunk 58: The targets of terrorists are many, but there is no doubt that members of the RUC, RUCR, RIR and the Regular Army have been consistently targeted and often either injured or killed. The new Secretary of State must immed…","chunk 26: The catastrophic lack of foresight, bad judgement and weakness of the UUP Parliamentary Party has cost Ulster dearly. The present process - complete with Clinton's interference - flows from the UUP folly and failure to…",chunk 10: Unionists would accept a settlement based on the Downing Street Declaration.,"chunk 63: The DUP has pioneered debates in the Northern Ireland Forum, leading off with Education in June 1996. The positive drive by the DUP led on to reports being presented on Agriculture, Education, Health, Parades etc. The S…","chunk 64: No party has a better record in the Forum than the DUP. All DUP members have spoken, more Forum resolutions have been sponsored by the DUP than by any other party, more speeches have been made by DUP members than by the…",chunk 54: For many years the border has been used by the IRA as a bolt-hole from which they operate and to which they return after attacks on security bases and personnel. Sufficient resources and manpower are required to prevent…,,chunk 4: Ulster faces a crisis never before encountered in her history. The British and Dublin Governments have agreed a joint plan to force a united Ireland upon the unionists of Ulster. Their strategy is set out in their joint…
f4f7c77b02eeb25c,dup,Democratic Unionist Party,2001,Leadership to put things right!,manifestos/analysis/text/dup/dup-2001.txt,5796,87,41,0.471,13,13,21,5,45,3,0,51,6,23,10,8,50.0,80.8,68.9,20.7,51.8,55.2,54.6,chunk 41: Massive Crime Increase Requires Zero Tolerance The release of terrorists from jail and the rewarding of evildoers has sent a message that crime pays. This will be a lasting legacy of Trimble's Belfast Agreement.,chunk 49: The Foot and Mouth epidemic has shown up short-comings in some current arrangements particularly in relation to smuggling and fraud. These must be tackled with the utmost urgency. All sectors of agriculture are sufferin…,chunk 59: Fishing Communities must not be cast adrift The DUP is committed to having the fishing industry elevated within the Department of Agriculture and Rural Development. For too long fishing has been the poor relation. The r…,chunk 36: TERRORISTS REJOICE AS VICTIMS ARE FORGOTTEN Victims of terrorism endure a life sentence of grief and pain yet terrorists walk out of jail early. Remember how we were told that terrorists would stay in prison unless viol…,chunk 62: EXTENDING FURTHER AND HIGHER EDUCATION TO ALL The DUP believes in the basic right of everyone to have the opportunity of higher and further education if they so wish. Promoting improved access and establishing affordabi…,chunk 28: The broken pledges of Tony Blair and David Trimble have allowed IRA/Sinn Fein to reap all the benefits of the appeasement process without giving anything in return – not even the decommissioning of a single bullet. IRA/…,chunk 71: There needs to be a more coherent and cohesive approach to issues involving older people. Our senior citizens are to be valued and respected for the contribution they have made in the past and for the continuing role th…,,chunk 43: Human Rights and Equality - for Unionists as well! Issues of equality and human rights have been largely hijacked by those engaged in or sympathetic to republicanism. We believe that unionism must demand and exercise it…
c88c307f5822173a,dup,Democratic Unionist Party,2015,The Northern Ireland Plan,manifestos/analysis/text/dup/dup-2015.txt,8917,422,259,0.614,20,11,29,42,90,11,0,55,14,27,3,10,64.5,40.8,67.1,31.4,10.1,44.9,43.1,chunk 370: Support for Northern Ireland’s constitutional position within the United Kingdom has never been higher. The number of people who want to see a united Ireland in either the short or the medium term is at an all time low.…,chunk 24: Over the past five years the strong DUP team in Parliament has been working closely with our colleagues at Stormont and in Europe. This work was vital in Northern Ireland steering its way through the worldwide economic…,chunk 23: This is the vision we have for Northern Ireland; the vision that drives us forward; the vision we work for every day; the vision that will transform Northern Ireland within the Union. It needs the strongest team in Coun…,"chunk 223: Since devolution was restored to Northern Ireland in 2007 real progress has been made across a range of areas. Despite all of the political ups and downs, Northern Ireland is slowly but surely moving in the right direct…","chunk 34: In broad terms, to secure strong and lasting growth in our economy we believe it best if government invests in the drivers for growth – enterprise, innovation, skills and infrastructure – to sustain and build the econom…",chunk 24: Over the past five years the strong DUP team in Parliament has been working closely with our colleagues at Stormont and in Europe. This work was vital in Northern Ireland steering its way through the worldwide economic…,chunk 4: Introduction: The Broader Context This manifesto concentrates on the issues which are the responsibility of the United Kingdom Parliament. In this document we set out where the party stands across a range of important i…,,chunk 52: Freeze then cut or abolish the TV licence and reform the BBC The licence fee is a highly regressive tax. It was a tax designed for a different era and world of communication and entertainment that no longer exists. An i…
3fa2a5f0948b14ff,dup,Democratic Unionist Party,2017,Standing strong for Northern Ireland. The DUP manifesto for the 2017 Westminster election,manifestos/analysis/text/dup/dup-2017.txt,8384,35,6,0.171,21,15,26,26,71,8,1,53,24,20,2,12,58.3,50.0,72.6,59.6,7.2,57.3,50.8,chunk 25: Westminster 2017 Westminster 2017 Creating a Globally 5 Competitive Economy Northern Ireland’s economy - like the rest of the United Kingdom’s - is heading in the right direction. Key economic indicators show sustained…,chunk 13: Westminster 2017 Westminster 2017 Restoring Devolution Now The Democratic Unionist Party believes that Northern Ireland needs a working Assembly and Executive as the best form of government for all of our people. Stormo…,chunk 13: Westminster 2017 Westminster 2017 Restoring Devolution Now The Democratic Unionist Party believes that Northern Ireland needs a working Assembly and Executive as the best form of government for all of our people. Stormo…,"chunk 31: Westminster 2017 Westminster 2017 5 Defending Our Nation from The DUP does not believe that the present defence arrangements for the United 4, CYBERSECURITY LEADER FOR THE UNITED KINGDOM 8. RESISTING ATTEMPTS TO REWRITE…",chunk 25: Westminster 2017 Westminster 2017 Creating a Globally 5 Competitive Economy Northern Ireland’s economy - like the rest of the United Kingdom’s - is heading in the right direction. Key economic indicators show sustained…,chunk 15: lift people out of poverty and make work pay. subscription based media can and does work. customers pay just below the EU average for their electricity and We understand that it will be the responsibility of the Party t…,"chunk 31: Westminster 2017 Westminster 2017 5 Defending Our Nation from The DUP does not believe that the present defence arrangements for the United 4, CYBERSECURITY LEADER FOR THE UNITED KINGDOM 8. RESISTING ATTEMPTS TO REWRITE…",,"chunk 31: Westminster 2017 Westminster 2017 5 Defending Our Nation from The DUP does not believe that the present defence arrangements for the United 4, CYBERSECURITY LEADER FOR THE UNITED KINGDOM 8. RESISTING ATTEMPTS TO REWRITE…"
f97e89c7e69d8f84,dup,Democratic Unionist Party,2019,Let's get the UK moving again,manifestos/analysis/text/dup/dup-2019.txt,10106,211,134,0.635,74,12,19,35,57,9,8,76,23,54,11,30,86.0,35.2,58.5,61.3,32.7,100.0,62.3,chunk 60: • £540k for suicide prevention. • £403k to talking therapies. • £610k for the recovery model. • £190k to prevent substance misuse. • £189k for forensic mental health services. • £165k Mental Capacity Act training. • £27…,"chunk 6: he Democratic Unionist Party has set out our 12-point plan to deliver on the people’s priorities on health, education, jobs, childcare and protecting the vulnerable through having a working Assembly back and an All-Part…","chunk 138: The DUP is committed to an end to the remote management from Brussels and a new beginning for the fishing industry, to achieve this we will support: • a new fisheries bill for the UK which will ensure that we take back…",chunk 58: he DUP Confidence and Supply Agreement with the Conservative Party has delivered much for Northern Ireland. Even our opponents accept that more has been achieved for Northern Ireland as a result of electing ten DUP Memb…,"chunk 99: ur economy will be driven forward by investment in strategic infrastructure in a business-friendly environment, but equally if not more important will be our people and their skills. To achieve these goals the DUP will…",chunk 58: he DUP Confidence and Supply Agreement with the Conservative Party has delivered much for Northern Ireland. Even our opponents accept that more has been achieved for Northern Ireland as a result of electing ten DUP Memb…,"chunk 150: This is further exacerbated by the displacements of large numbers of refugees within which small numbers of those with malevolent intent seek to hide. This places additional burdens on the defence, security and intellig…",,chunk 144: • The transition and transformation this involves must be a just one for poorer sections of the community and regions. Same Distance Travelled Each constituent part of the United Kingdom’s work on climate action must be…
e5d15055690912f4,dup,Democratic Unionist Party,2024,Speaking up for Northern Ireland. Working and winning for you,manifestos/analysis/text/dup/dup-2024.txt,16608,305,129,0.423,74,28,80,59,160,9,7,130,37,121,30,33,72.5,57.6,51.8,53.0,54.2,79.5,61.4,"chunk 217: DUP MPs will: 3 pursue measures to make farm businesses more profitable, productive and resilient, as well as attractive to the next generation, with a particular focus on encouraging longer-term land leasing and rental…","chunk 50: Infected Blood Scandal The DUP in Parliament has supported calls for comprehensive compensation for the victims of the infected blood scandal. Our MPs signed an Early Day Motion in July 2023, which recognised the govern…","chunk 88: restore Northern Ireland’s place within the United Kingdom, including removing the application of EU law in our country and the internal Irish Sea Border it creates. We will continue to argue the case for the full prima…","chunk 156: Making NI Work 3 seek government funding to help expand NI’s trade presence across the world, including through recruitment of more staff; 3 make support by trade advisors locally more accessible and tailored to the amb…","chunk 259: Making NI Work A strengthened National Infrastructure Commission, with increased regional representation and fairer access to its skills and expertise for Northern Ireland, can play a key role in achieving the condition…","chunk 107: 3. Campaigning to Protect Family Incomes As the cost-of-living crisis continues to place new and significant pressures on household budgets, the DUP is clear that Government should do more to protect incomes, ensure tax…","chunk 275: • it would likely displace risk to other settings, including gaming platforms; 3 promote strategies to reduce the risks of end-to-end encryption for children and young people online; 3 consider the merits of a duty of c…",,chunk 153: Research and Development It is clear that the United Kingdom’s national target for research and development has lacked ambition. Statistics indicate that the official target of 2.4% of GDP by 2027 has already been excee…
0077de13fcbd486c,green,Green Party of England and Wales,2015,For the common good. General election manifesto 2015,manifestos/analysis/text/green/green-2015.txt,43098,1186,861,0.726,168,76,79,244,258,44,36,448,95,272,86,50,68.9,24.5,62.2,60.8,59.9,46.4,53.8,chunk 80: Seek to reform the Common Agricultural Policy and reform our national agri-environment schemes to prioritise and support farmers who farm sustainably and enhance biodiversity on farmed land with a variety of farming sty…,"chunk 114: Climate change The climate is the ultimate common good. The effects of a rapidly warming climate will affect everyone, but poorer people, in the UK and worldwide, will be the hardest hit. Many are already struggling to…","chunk 125: Owning and controlling our energy system Our vision for the energy system is a diverse mix of public and private participants, including community, cooperative and municipal generation, supply and distribution. We will…","chunk 355: The land would be valued at the value that could be obtained if sold for the current planning permitted use. Commons, urban open space, some nature reserves and land used in common such as roads would be exempt. The rat…","chunk 121: Provide a free nationwide retrofit insulation programme, concentrating on areas where fuel poverty is most serious. This is designed to insulate 9 million homes in total and take at least 2 million homes out of fuel pov…","chunk 360: Worst of all, the benefits system takes no account of people’s real lives. You can pay more in transport costs to attend compulsory sessions at the Job Centre than you receive in benefits. All the while, more and more p…","chunk 37: Private interests have ruled the roost for far too long. The result is a society scarred by inequalities of power and wealth, and a planet plundered of resources and damaged by pollution. All in it together? We don’t th…",,"chunk 116: Why we need to do better than the Climate Change Act If the global average temperature rise can be kept below 2 degrees C, runaway or disastrous climate change can be avoided, though severe damage will occur in some par…"
31bb323090b74a0b,green,Green Party of England and Wales,2017,The Green Party for a confident and caring Britain,manifestos/analysis/text/green/green-2017.txt,3297,79,34,0.43,17,8,15,9,29,3,4,63,14,16,22,2,68.0,62.5,79.7,100.0,100.0,24.3,72.4,chunk 18: You can trust the Green Party to put the environment at the heart of everything we do. Our economic prosperity depends on the health of our environment. It is the ultimate source of everything we make and use - from foo…,"chunk 26: Our policies: zz A referendum on the detail of whatever deal is negotiated for Britain’s departure from the EU, with the option to reject the deal and remain in the EU. zz Protect freedom of movement, press for remainin…","chunk 7: zz We will fight for equality, and for a society where nobody is left behind. zz We will always act strongly on climate change and to protect the natural world we love. We will stand up for what matters. This is our Gre…","chunk 61: The Green Party will work for a caring and confident Britain that uses its influence wisely, to build peace and protect the environment, and to offer sanctuary to those at risk. We would co-operate with our neighbours o…","chunk 38: Our policies: zz Properly fund our schools so real term spending per pupil increases and is protected. zz Bring Academies and Free Schools into the local authority system, abolish SATS and reduce class sizes. zz Scrap u…","chunk 14: zz Use the government-owned Royal Bank of Scotland to create a network of local people’s banks for every city and region, obliged to lend locally and provide cheap basic banking services. zz Ensure that everyone pays th…","chunk 61: The Green Party will work for a caring and confident Britain that uses its influence wisely, to build peace and protect the environment, and to offer sanctuary to those at risk. We would co-operate with our neighbours o…",,"chunk 20: zz Active ongoing cooperation with businesses and other countries to limit global temperature increases to well below 2 degrees and aiming for 1.5 degrees. zz Replacing fracking, coal power stations, subsidies to fossil…"
4dcaf737f9c27eec,green,Green Party of England and Wales,2019,"If not now, when?",manifestos/analysis/text/green/green-2019.txt,24229,397,147,0.37,147,116,181,36,540,70,23,271,49,131,39,18,55.9,83.4,67.4,59.4,48.3,29.7,57.4,"chunk 185: zero economy right at the heart of government. The Carbon Chancellor will set a yearly Carbon Budget, which will drive the decarbonisation of the economy. We will create a fossil fuel free politics, with vested interest…",chunk 67: Declaring a Climate Emergency In October 2018 the UN’s Intergovernmental Panel on Climate Change published a landmark report warning of the urgent need for rapid and unprecedented change in all aspects of society to cut…,"chunk 225: to deliver services they can be proud of. We will invest in public services built on the principle of kindness. We will support new technologies and approaches that will let us live longer, healthier lives. We will revo…","chunk 100: >> Civilise our streets by making Low Traffic Neighbourhoods (in which rat-running is blocked) the norm for residential areas and making 20 miles per hour the default speed limit. These changes would reduce traffic, car…","chunk 78: Green New Deal investment in housing will simultaneously reduce climate emissions, tackle fuel poverty and provide genuinely affordable housing. We will improve the insulation of every home in the UK, making sure they a…","chunk 135: This universal enrichment will provide all of us with new options and opportunities, in both our work and personal lives. Our Green New Deal for incomes will: >> Phase in the introduction of a Universal Basic Income (UB…","chunk 226: Delivering secure incomes and secure homes Social justice is at the heart of our plans to transform the UK into a more equal country, where everyone can build a decent, secure life.",,"chunk 117: smaller-scale, more peoplefocussed food production and land management that respects nature. We will invest in training and skills to help people develop and apply the skills needed in these new jobs. >> Better connect…"
557a8fa0e534863b,green,Green Party of England and Wales,2024,"Real hope. Real change. Manifesto for a fairer, greener country.",manifestos/analysis/text/green/green-2024.txt,20326,979,509,0.52,137,77,86,156,365,20,21,265,51,119,44,29,64.0,35.5,69.0,70.8,64.9,57.1,60.2,chunk 5: This manifesto sets out what we think is achievable given the failure of successive governments to prepare with anything like the urgency and ambition that climate scientists have been telling us is needed for decades.…,"chunk 37: NHS staff have taken unprecedented strike action to raise the alarm about the crisis in our health service. We will prioritise supporting NHS workers, including by providing an immediate one-off budget increase to cover…","chunk 306: We will legislate for workers to have full employment rights from day one of their employment. We will properly fund the enforcement of workers’ rights and abolish tribunal fees, to ensure that bad employers have nowher…","chunk 34: It doesn’t have to be like this. Greens would do things differently. We would choose to treat and pay nurses, doctors and NHS staff fairly, so we don’t lose them overseas. We would increase taxes on the super-rich to fu…","chunk 157: Our priority would be to increase Council and Housing Association provision of homes offered at low ‘social rents’ to 150,000 new homes a year, as soon as possible. We will end the ‘right to buy’ so that homes continue…","chunk 725: Bringing Justice to Crime and Policing communities they serve. Police Services need to acknowledge the institutional racism, misogyny, homophobia and disablism that have dominated policing for so long. They must root ou…","chunk 246: The government has failed to invest in rapidly transitioning to a zero-carbon society, to create decent, secure jobs or to make our economy resilient to future climate shocks. It has put lifeline services for our commun…",,"chunk 88: Better care for all Elected Greens will bring together local authorities, trade unions and private providers to establish a career structure for carers, ensuring there is a pathway to progression that includes training…"
6d876ea62542f5a3,labour,Labour Party,1945,Let us face the future: a declaration of Labour policy for the consideration of the nation,manifestos/analysis/text/labour/labour-1945.txt,5015,99,17,0.172,12,3,3,19,55,3,6,38,8,5,4,2,80.0,13.6,88.4,55.8,23.9,16.0,46.3,"chunk 79: Labour will work specially for the care of Britain's mothers and their children - children's allowances and school medical and feeding services, better maternity and child welfare services. A healthy family life must be…","chunk 65: There must be a due balance between the housing programme, the building of schools and the urgent requirements of factory modernisation and construction which will enable industry to produce efficiently.",chunk 23: And in stating it we give clear notice that we will not tolerate obstruction of the people's will by the House of Lords.,"chunk 97: In these circumstances we appeal to all men and women of progressive outlook, and who believe in constructive change, to support the Labour Party. We respect the views of those progressive Liberals and others who would…","chunk 35: Thirdly, planned investment in essential industries and on houses, schools, hospitals and civic centres will occupy a large field of capital expenditure. A National Investment Board will determine social priorities and…",chunk 19: These are the aims. In themselves they are no more than words. All parties may declare that in principle they agree with them. But the test of a political programme is whether it is sufficiently in earnest about the obj…,"chunk 22: We must prevent another war, and that means we must have such an international organisation as will give all nations real security against future aggression. But Britain can only play her full part in such an internatio…",,chunk 26: All parties say so - the Labour Party means it. For the Labour Party is prepared to achieve it by drastic policies and keeping a firm constructive hand on our whole productive machinery; the Labour Party will put the co…
03a48a61b6d08d83,labour,Labour Party,1950,Let us win through together: a declaration of Labour policy for the consideration of the nation,manifestos/analysis/text/labour/labour-1950.txt,4934,106,26,0.245,15,12,6,10,83,11,2,28,15,37,5,3,55.6,37.5,43.1,68.9,30.4,24.3,43.3,chunk 5: When the Labour Party published Let Us Face the Future in 1945 those five words were more than the title of the Election Manifesto; they were five words which crystallised the minds of our people at that time. By hard w…,chunk 6: Now in 1950 the country is facing another General Election. We ask our fellow citizens to assert in their free exercise of the franchise that by and large the first majority Labour Government has served the country well…,"chunk 92: We will continue if returned to power, to work realistically for peace. We will stand firm against any attempt to intimidate us or to undermine our position in the world. But we will remain ready at any moment to co-ope…","chunk 11: Even when at work each man often feared that the next pay-day would be the last. The wife feared that the housekeeping money would suddenly vanish. Often it did. Her husband was handed his cards, he drew the dole, then…","chunk 24: Publicly owned industry will be ready to expand its investment when employment policy demands it. The public sector will, by speeding up necessary capital development, help to maintain employment.","chunk 46: We must grow more food at home. The more we grow the more there will be to eat, and the more we shall save on imports. The nation's duty to farmers and landworkers is to give them all the help they need; their duty to t…",chunk 91: The selfish and cowardly bungling of the Conservative Government landed us in a war which collective security could have prevented and for which the Government had not prepared. The Colonies were shamefully neglected an…,,chunk 41: The Government will also take practical steps to prevent monopolies from continuing to exploit the public. The Monopolies Commission has been established to expose anti-social restrictive practices. Monopoly concerns wh…
575dcef2f066f0fd,labour,Labour Party,1951,The Labour party election manifesto,manifestos/analysis/text/labour/labour-1951.txt,1806,49,8,0.163,4,12,1,10,8,10,1,9,4,20,2,0,25.0,9.1,31.0,55.4,33.2,0.0,25.6,"chunk 27: Our Government has started international discussions for a fairer distribution of raw materials and for lower and more stable prices. Largely through this initiative the prices of textiles and clothing, including childr…","chunk 14: Largely due to full employment, with everyone contributing to the national product, production in Britain since 1945 has risen twice as fast each year as under the Tories. Our industrial and agricultural output is now 5…",chunk 21: The British countryside which was being ruined and depopulated before the war is more prosperous under Labour than ever before. Our farmers and farmworkers have beaten all records in the production of home-grown food. W…,chunk 29: Tory policy would cause a catastrophic rise in the cost of living. They are for high profits and against controls. They demand the abandonment of bulk purchase. They want to end the utility scheme. They would allow land…,"chunk 48: Welfare at home, peace abroad, with a constant striving for international co-operation - this is Labour's aim. The Tories with their dark past, full of bitter memories for so many of our people, promise no light for the…","chunk 13: Full employment through six years of peace is the greatest of all Labour's achievements. It has never happened before. It has meant a revolution in the lives of our people. To-day, there are half a million unfilled vaca…",chunk 4: Four major tasks face our nation: to secure peace; to maintain full employment and increase production; to bring down the cost of living; to build a just society. Only with a Labour Government can the British people ach…,,
0175b906c629706b,labour,Labour Party,1955,Forward with Labour: Labour’s policy for the consideration of the nation,manifestos/analysis/text/labour/labour-1955.txt,2881,92,23,0.25,6,16,4,4,42,10,1,20,7,18,4,0,27.3,50.0,52.6,55.5,41.7,0.0,37.9,chunk 49: This cramps the free and happy life which should stimulate the children's early years. It penalises the children who develop late and gives an inferior place in our education to the practical skills increasingly essenti…,"chunk 10: In the Far East the war crisis centres on Formosa. Labour has constantly urged that this crisis can only be overcome by the evacuation of the off-shore islands, now held by Chiang Kai-Shek's forces; by the long overdue…",chunk 34: We will encourage manufacturers to produce better goods by enforcing quality standards and accurate labelling.,chunk 31: The charge that a Labour Government would re-introduce rationing is a deliberate Tory lie.,"chunk 38: (1) Housing. - Labour believes that housing is a social service and will therefore go on subsidising the building of houses to let by local authorities. It will also begin to tackle the vast problem of old, rent-restric…","chunk 43: To maintain the real purchasing power of these benefits, pensions and allowances, we shall institute an annual review, and in any year in which there has been an increase in the cost of living, the scale of payments wil…","chunk 37: Labour believes that security should not be a privilege of the few but the right of all, and is determined to assure it to every family - security in the home, security against the burdens of old age and sickness, and a…",,
b75191dfc9768348,labour,Labour Party,1959,Britain belongs to you. The Labour Party policy for the consideration of the nation,manifestos/analysis/text/labour/labour-1959.txt,5079,123,32,0.26,13,16,5,17,65,11,1,25,11,18,5,4,44.8,22.7,58.1,47.3,29.5,31.5,39.0,"chunk 4: It is not so good for the widowed mother with children, the chronic sick, the 400,000 unemployed, and the millions of old age pensioners who have no adequate superannuation. While many of those at work have been able to…","chunk 109: In the field of disarmament Labour has set the pace. We led the demand for an end to all nuclear tests; after years of delay the tests are now temporarily suspended, and we declare that, even if other countries break th…","chunk 18: The Government have turned down both the basic £3 pension and the guarantee of its value. All they have done is to improve slightly the scales of National Assistance, from which no one can benefit without a means test.",chunk 56: Tory propagandists allege that a Labour Government would have to put up taxes in order to pay for these improved social services. This is quite untrue. The finance required would be raised in two ways. The chief way of…,"chunk 26: Money spent on education is an investment for the future. We propose, therefore, a great drive to abolish slum schools, to reduce the size of classes to 30 in primary and secondary schools, and to expand facilities for…","chunk 46: As our plan for expansion develops, people will be increasingly able to choose between more money and more leisure. How the balance is struck is largely a matter for the trade unions in negotiation with the employers. H…",chunk 84: The Labour Government gave the farmer reasonable security for the first time in this century; but since 1951 this security has been whittled away. It must be restored. Protection will be given against unfair foreign com…,,"chunk 47: We shall make much better provision for the enjoyment of sport, the arts and the countryside. A Sports Council will be set up with a grant of £5 million. The Arts Council grant will be increased by £4 million annually.…"
3ebd6f5ac35b7b37,labour,Labour Party,1964,Let’s Go With Labour for the New Britain,manifestos/analysis/text/labour/labour-1964.txt,9746,250,56,0.224,31,42,12,23,147,28,3,67,23,44,5,20,42.5,34.3,60.4,53.4,15.4,82.1,48.0,chunk 61: But in the long run a satisfactory trade balance will depend upon carrying out Labour's overall plan to revitalise and modernise the whole economy. It will depend upon maintaining a steady and vigorous programme of long…,"chunk 25: The direct and crippling consequences of their free market policies are now well known. First, it has slowed up Britain's rate of industrial expansion. Not even the Tories' stop-go policies have been able to prevent som…","chunk 67: The public sector will make a vital contribution to the national plan. We will have a co-ordinated policy for the major fuel industries. Major expansion programmes will be needed in the existing nationalised industries,…",chunk 120: We shall also seek to lighten the burden of rates which today falls heavily on those with low incomes. While the reform of the rate system and investigation of alternative forms of local government finance may take some…,"chunk 77: In industry, though there are some first-rate training schemes, they are few and far between. Most young people, and particularly girls, are still denied either adequate training at work or release for further education…","chunk 227: Labour will reassert British influence in the United Nations. We will seek to strengthen the U.N. by developing its machinery for international conciliation, by making an effective contribution to the creation of an int…","chunk 154: Social security benefits - retirement and widows' pension, sickness and unemployment pay - have been allowed to fall below minimum levels of human need. Consequently one in four of National Insurance pensioners are toda…",,"chunk 139: The first requirement is to end the competitive scramble for building land. Labour will therefore set up a Land Commission to buy, for the community, land on which building or rebuilding is to take place. Instead of pay…"
799e5f49fc035053,labour,Labour Party,1966,Time for Decision,manifestos/analysis/text/labour/labour-1966.txt,10806,351,146,0.416,37,54,4,20,93,25,6,93,27,51,8,26,40.7,16.7,64.6,61.1,22.2,96.2,50.2,"chunk 65: 4. To get on with the longer term reconstruction of Britain, with a National Plan and a range of new economic, fiscal and social policies to carry it through.",chunk 60: The Labour Government had to take unpopular decisions - and took them regardless of temporary unpopularity. Imports were cut and taxes raised. The TSR2 and other prestige projects were cancelled; firm limits were placed…,"chunk 95: First, we intend to give a new stress to productivity, and we will attack restrictive practices wherever they exist. A National Conference representative of industry will be called under the Chairmanship of the Prime Mi…",chunk 331: Meanwhile the cruel war in Vietnam continues; Labour has consistently urged negotiations to stop the fighting and a settlement which would enable the peoples of North and South Vietnam to determine their own future and…,"chunk 174: Transport planning, both national and regional, is an essential part of community planning. The Tory attempt to solve our transport problems by increasing competition between road and rail, by the adoption of rigid comm…","chunk 298: be taken to build up police strength in those areas confronted with a severe shortage. We shall ensure not only that police resources are used more efficiently, but that they receive the most modern scientific and techn…","chunk 131: To maintain price stability and orderly marketing, imports of foodstuffs must be integrated with home supplies. Since these imports form so high a proportion of all our imports, and have a profound effect on our balance…",,"chunk 46: During the past 18 months, Britain has faced, fought and overcome its toughest crisis since the War. More, it has in the teeth of adversity fashioned the new instruments of policy with which, under the guidance of the N…"
39890293a7f90354,labour,Labour Party,1970,Now Britain’s Strong - Let’s Make it Great to Live In,manifestos/analysis/text/labour/labour-1970.txt,11818,347,111,0.32,33,56,8,40,84,52,3,97,22,75,9,14,37.1,16.7,56.4,42.3,22.8,47.4,37.1,"chunk 316: In two areas - Indo-China and the Middle East - there is bitter conflict, full of danger for the peace of the world. Labour believes that no purely military solution is possible in either of these areas. A lasting settl…","chunk 56: The main responsibility lies with the Industrial Training Boards, of which 28 have now been established, covering 15m.workpeople. But the G.T.C.s have a vital role to play helping to meet urgent shortages of skilled lab…","chunk 67: In the private sector, particular industries are now undergoing far-reaching structural change, following detailed studies and deliberate Government commitment to reform - e.g. nuclear energy, shipbuilding, machine tool…","chunk 82: The whole Tory economic strategy, by contrast, is based on policies which would push prices up. The Tories would abolish rent control and reduce housing subsidies so rents would rise to astronomical levels; they would a…","chunk 135: We shall still further expand higher education. Already since 1964 the number of young people in full time higher education, including the universities, has almost doubled. We are in transition to a new era where higher…","chunk 15: On Thursday, 18 June, many more of the same people - together with millions who have never had a chance of voting before - can take this decision a big stage further. For it takes more than six years to modernise and hu…","chunk 32: We believe our defence effort should now be concentrated inside Europe, contributing to collective security through NATO and to the constant search for East-West détente and real European security. We shall play our ful…",,"chunk 75: It is the Government's intention, therefore, to set up a Commission on Industry and Manpower - merging the N.B.P.I. and the Monopolies Commission - with a special duty to report on costs, prices and efficiency in variou…"
ce671e765e549ad0,labour,Labour Party,1974,Let us Work Together - Labour’s Way Out of the Crisis,manifestos/analysis/text/labour/labour-1974-feb.txt,4770,102,24,0.235,8,31,3,11,49,15,0,20,6,35,3,6,20.5,21.4,36.4,25.2,18.9,50.3,28.8,"chunk 15: In this sense, we face not merely economic perils of a new dimension; we face a crowning test of our democracy - whether we can show the resilience, the ingenuity, the courage, the imagination, the sense of community ne…","chunk 14: Britain needs a new Government, and the Labour Party is ready with the policies essential to rescue the nation from the most serious political and economic crisis since 1945. We do not say that the dangers confronting u…","chunk 25: Second, the new situation has greatly strengthened Labour's determination to ensure not only that the North Sea and Celtic Sea oil and gas resources are in full public ownership, but that the operation of getting and di…","chunk 88: Two We shall commit Britain to a policy of equality at home and abroad which would involve radical changes in aid, trade and development policies. In particular, the next Labour Government will seek to implement the Uni…","chunk 27: Fourth, the energy crisis has further profound implications for the way we conduct our whole transport system. If we are to conserve precious fuel we must do two things: one, move as much traffic as possible from road t…","chunk 30: Three years ago when Labour was in power, Britain had a big and growing surplus on the balance of payments. Mortgage rates stood at 8.5 per cent; Labour had built two million houses in six years; and the rise in the cos…","chunk 15: In this sense, we face not merely economic perils of a new dimension; we face a crowning test of our democracy - whether we can show the resilience, the ingenuity, the courage, the imagination, the sense of community ne…",,"chunk 24: First, and with the utmost urgency, the coal industry must be given a new status, perspective, and security. In particular, the case which the National Union of Mineworkers has long presented is now more than ever seen…"
c3868a615b4387ee,labour,Labour Party,1974,Britain Will Win With Labour,manifestos/analysis/text/labour/labour-1974-oct.txt,8710,236,63,0.267,28,41,20,18,103,10,2,49,14,55,5,5,40.6,52.6,47.1,36.7,17.2,23.0,36.2,"chunk 91: The discovery of oil off our shores dramatically changes not only the country's energy prospects, but our whole economic future. Because its importance cannot be over-estimated it is essential that its development shoul…","chunk 24: This Manifesto, which is inspired by the idealism which has created our Movement, is now put before the country on the basis of the realism deriving from experience. It sets out what in our view is the only way to enabl…",chunk 69: A Tory Government negotiated entry into the EEC and removed the long-term guarantees to the livestock industry. The Intervention System of the Common Agricultural Policy has not worked. Labour insists that there must be…,chunk 31: Why can't we accept the idea of a coalition to meet the nation's crisis? Because what our country needs in this crisis is a government with a clear-cut understanding of the nation's problems and the ability to decide qu…,"chunk 123: The Labour Party believes that full opportunities for the education of our children, our young people and students of all ages are an essential part of a fair society and indispensable to the social contract. We have al…","chunk 80: In the long run, a nation, like a family, can only live on what it earns. If we want to maintain our standard of living and protect people's jobs and give a boost to our deprived regions, we must get industry to produce…","chunk 102: First, We will introduce an Employment Protection Bill - to provide extensive new rights for workers covering such issues as union membership, apprentices' training and conditions, the guaranteed week, maternity leave,…",,"chunk 89: We shall transform the existing Manpower Services Commission into a powerful body, responsible for the development and execution of a comprehensive manpower policy. Redundant workers must have an automatic right to retr…"
55b931d7edf65df6,labour,Labour Party,1979,The Labour Way is the Better Way,manifestos/analysis/text/labour/labour-1979.txt,9315,275,75,0.273,36,22,65,33,227,11,4,75,20,51,11,17,62.1,66.3,59.5,51.5,35.4,73.0,58.0,"chunk 27: This election is about the Britain of tomorrow - the kind of country we want to live in, the kind of community we wish for our children. In choosing their government, the people will be deciding what values and ideals w…",chunk 4: The world is changing rapidly. New industrial nations are rising to challenge our key industries on which British jobs and living standards depend.,chunk 123: Labour will give private tenants access to improvement grants on the same basis as owners. We shall make it easier for a tenant to force a landlord to do necessary repairs. We will legislate to give further protection t…,"chunk 272: A Tory Government would put all this at risk. At work, they would substitute confrontation for cooperation. The free market forces they support would mean soaring inflation, rising prices and growing unemployment. Their…","chunk 112: Over 1.5 million homes have been completed since Labour took office. A further one million sub-standard or near slum houses have been substantially improved with Government finance, under the 1974 Housing Act. The homel…","chunk 161: The road building programme will remain at its present level - but we will adopt a more selective approach than in the past. More by-passes will be built. Highway inquiries will also be more open, wider in scope, and wi…","chunk 207: For over four years, Labour has governed Northern Ireland direct from Westminster. During this period, considerable progress has been made on the security front and on the efforts to bring peace and stability to the Pro…",,chunk 15: 2. We will carry forward the task of putting into practice the new framework to improve industrial relations that we have hammered out with the TUC. The first step has been the creation of a new standing pay commission…
6b7e5b5727d2d1f9,labour,Labour Party,1983,The new hope for Britain,manifestos/analysis/text/labour/labour-1983.txt,22871,671,204,0.304,68,60,282,65,758,32,21,213,55,115,37,49,53.1,81.3,64.9,66.5,48.5,85.7,66.7,"chunk 321: We aim to recast the tax and benefit system, so as to redistribute resources to families with children. Our priority is child benefit. We will increase it by £2.00 a week, make it index-linked, and subsequently improve…","chunk 609: A deep crisis now afflicts the world economy. In the developed world, recession has meant lengthening dole queues and a falling standard of life; for the peoples of the Third World, recession has added to an already int…",chunk 403: Labour will end the scourge of youth unemployment and prepare young people to take up the jobs that we will create. We will also encourage all young people in employment to join a trade union. Our radical new scheme for…,chunk 180: It would be wrong to finance the initial boost to spending by increasing taxation. Only if ours was a fully employed economy would this be the right way of doing it. But our economy today is chronically under-employed.…,"chunk 404: Give to young people who are at work the right to be released to college or school, on full pay. Employers will be given a statutory duty to provide opportunities for their young employees to receive systematic educatio…","chunk 174: Our approach is different. We will expand the economy, by providing a strong and measured increase in spending. Spending money creates jobs. Money spent on railway electrification means jobs, not only in construction, b…",chunk 543: There is now widespread concern about our security services. We intend that they should become properly accountable institutions - and that the civil rights of individuals are fully protected. We outline in Labour's Pro…,,"chunk 259: Set up a Securities Commission to regulate the institutions and markets of the City, including Lloyds, within a clear statutory framework."
44a9ee4d3df4b8f5,labour,Labour Party,1987,Britain will win,manifestos/analysis/text/labour/labour-1987.txt,9133,321,90,0.28,33,13,119,18,328,8,12,121,25,47,16,13,71.7,86.9,72.0,81.0,52.6,56.9,70.2,chunk 150: Our children are our future. We have a moral and material duty to see that children and young people are fully equipped to deal with the complexities and challenges which face them now and which they will meet as citize…,"chunk 33: That is democratic socialism in action. And just as a family uses its combined spirit and resources to overcome crisis, so Britain can once again make common cause to achieve common good.","chunk 310: We will set up a Department of Overseas Development and Co-operation, headed by a Cabinet Minister. We will double Britain's aid budget in order to achieve the United Nations' target of 0.7 per cent of national income w…",chunk 305: Labour therefore strongly supports the talks between the United States and Soviet governments aimed at reducing nuclear armaments. Success in these efforts to negotiate the removal of all intermediate nuclear missiles i…,"chunk 110: The Adult Skillplan will develop lifelong training and education for everyone needing to supplement and update skills in work, with particular emphasis given to training for women.","chunk 72: We will work with the police to get more police on the beat . Uniformed police officers will be relieved of non-law-and-order tasks which take them away from crime prevention, pursuit and detection.",chunk 71: We will introduce crime prevention grants for home-owners and tenants.,,chunk 183: Fraud in the City of London is a serious crime. Too many get away with it. Labour will bring in effective regulation by establishing an independent statutory commission.
9ee72f3670f5b03d,labour,Labour Party,1992,It’s time to get Britain working again,manifestos/analysis/text/labour/labour-1992.txt,12466,401,141,0.352,68,38,279,19,751,28,11,198,24,51,24,28,64.2,93.6,79.5,56.2,57.8,89.8,73.5,chunk 345: We will establish a Children's Minister within the Home Office to co-ordinate policies for children across departments. One independent Children's Commissioner will promote the interests of all children. Protecting chil…,chunk 24: 1. Immediate action for national recovery,chunk 142: We will restore public control of the National Grid and give it new duties and powers to ensure the long-term security of electricity supplies. We will secure the long-term future of the coal industry by reducing import…,"chunk 54: A Conservative government would mean a repeat of the same, stale policies which brought economic insecurity, privatised and underfunded public services and increased social division. The Conservatives have no policies w…",chunk 253: Labour will keep the right to buy. We will increase the number of homes for rent by establishing a Housing Bank to facilitate the balanced use of councils' capital receipts and offer investment capital at attractive rat…,"chunk 266: Elected police authorities will use the extra resources available for the war against crime to ensure that more police officers are visible on the beat, backed up by the modern technology which is essential to crime pre…","chunk 51: In our relations with the new democracies of Central and Eastern Europe as well as with the poverty-stricken peoples of the South, we will work from the principle that political freedom needs the sure foundation of econ…",,"chunk 168: We will set new targets to cut the inequalities in health between social classes and ethnic groups. Our Health Initiative will set targets for better health, backed by effective action. We will, for instance:"
de2256f100e972d8,labour,Labour Party,1997,New Labour. Because Britain Deserves Better,manifestos/analysis/text/labour/labour-1997.txt,18447,459,106,0.231,79,23,226,45,596,22,8,153,40,78,36,37,77.5,83.4,66.2,52.0,58.5,80.2,69.6,"chunk 19: <P> And I want, above all, to govern in a way that brings our country together, that unites our nation in facing the tough and dangerous challenges of the new economy and changed society in which we must live. I want a…","chunk 319: <P> The process of rail privatisation is now largely complete. It has made fortunes for a few, but has been a poor deal for the taxpayer. It has fragmented the network and now threatens services. Our task will be to imp…","chunk 320: <P> To achieve these aims, we will establish more effective and accountable regulation by the rail regulator; we will ensure that the public subsidy serves the public interest; and we will establish a new rail authority…","chunk 409: <P> An increasing number of Conservatives, overtly or covertly, favour the first. But withdrawal would be disastrous for Britain. It would put millions of jobs at risk. It would dry up inward investment. It would destro…",chunk 119: <P> Employers have the primary responsibility for training their workforces in job-related skills. But individuals should be given the power to invest in training. We will invest public money for training in Individual…,"chunk 243: <P> The police have our strong support. They are in the front line of the fight against crime and disorder. The Conservatives have broken their 1992 general election pledge to provide an extra 1,000 police officers. We…",chunk 424: <P> Our armed forces are among the most effective in the world. The country takes pride in their professionalism and courage. We will ensure that they remain strong to defend Britain. But the security of Britain is best…,,chunk 195: <P> There should be a statutory level beneath which pay should not fall - with the minimum wage decided not on the basis of a rigid formula but according to the economic circumstances of the time and with the advice of…
0550480ca3812446,labour,Labour Party,2001,Ambitions for Britain,manifestos/analysis/text/labour/labour-2001.txt,21218,555,175,0.315,179,81,264,35,554,71,10,268,48,224,99,35,68.8,88.3,54.5,54.7,100.0,66.0,72.0,chunk 509: <P> Labour supports a national children's rights director to act as a champion for children in need and we will consult on whether to develop and extend the director's role. The Criminal Records Bureau will help stop pa…,"chunk 62: <P> <B>A run-down health service causes insecurity.</B> So we chose to reform the NHS, and inject new money. Waiting lists and times are now down and falling, and the number of nurses and doctors is now rising. </P>","chunk 360: <P> We want every secondary school to develop a distinct ethos, mission and centre of excellence. Specialist schools offer the full national curriculum to the whole ability range while developing a centre of excellence…","chunk 262: <P> Labour's position on the single currency was set out by the Chancellor in October 1997 and reiterated by the Prime Minister in February 1999. We have made it clear that, provided the economic conditions are met, mem…",chunk 217: <P> Basic skills are the start; updating skills is relevant for all of us. We have created the Learning and Skills Council for all post-school learning outside higher education. Further education colleges have a critica…,"chunk 68: <P> We have shown we are a reformed party, competent to govern. Now we offer more. More change, and more rewards for Britain's hard-working families: more prosperity, more opportunities, more security. </P>","chunk 173: <P> Stability comes first. But stability is not enough. We need to produce more, better and to a higher value to raise our earning power and to meet our ten-year goal of faster productivity growth than our main competit…",,chunk 218: <P> We need a step-change in workplace learning particularly in small and medium-sized firms. We are determined to develop a three-way partnership to bring this about. Current arrangements have secured increased partici…
1e275116d7ac56a1,labour,Labour Party,2005,Britain forward not back,manifestos/analysis/text/labour/labour-2005.txt,24007,286,36,0.126,159,74,353,42,780,61,5,225,66,225,79,25,68.2,89.4,50.0,59.1,98.7,41.7,67.9,chunk 175: ■ Pensions for the generation of tomorrow The generation retiring in the future will be different in many ways from its predecessors.Their jobs will have been different; the expectations of women will be transformed; th…,"chunk 77: respect.There are now over 28,000 more teachers and 105,000 more support staff than in 1997; graduate teacher applications are up 70 per cent; average salaries are up by more than 30 per cent.The remodelling of the scho…","chunk 57: Economy: Rising prosperity in an opportunity society transport planning, we will seek political consensus in tackling congestion, including examining the potential of moving away from the current system of motoring taxa…","chunk 165: Our NHS: Free to all, personal to each operations so that those who can afford to pay thousands of pounds can push ahead of those who cannot. As well as ending the founding principle of the health service, this would ta…",chunk 46: ■ Skills at work Our reforms to 14-19 education (see chapter 2) will raise the quality and quantity of apprenticeships and vocational education.We are now putting in place a comprehensive and ambitious strategy to help…,chunk 109: The Labour Party manifesto 2005 setting local police priorities. So our pledge is a neighbourhood policing team for every community. We will carry on funding the police service to enable it to continue to employ histori…,"chunk 134: ■ Strong and secure borders While the Tories would halve investment in our immigration services, we would invest in the latest technology to keep our borders strong and secure. By 2008, those needing a visa to enter the…",,"chunk 51: The Labour Party manifesto 2005 privatise it. Our ambition is to see a publicly owned Royal Mail fully restored to good health, providing customers with an excellent service and its employees with rewarding employment.…"
cd4ec132c33d6b36,labour,Labour Party,2010,A future fair for all,manifestos/analysis/text/labour/labour-2010.txt,29975,325,114,0.351,224,95,472,43,1025,56,24,296,83,264,88,45,70.2,91.7,52.9,71.4,88.1,60.1,72.4,"chunk 120: Cadet forces will move increasingly into state schools and we will expand spare time activities for young people, doubling those available – including sport – on Friday and Saturday nights, with neighbourhood police tea…","chunk 159: assured for the next three years. To protect the front line we are making tough choices elsewhere: continuing to cut bureaucracy and inefficiency in procurement, IT and overtime. Every community now has a neighbourhood…","chunk 36: others. Above all we will build public services that are more personal to people’s needs: with clear guarantees about standards, the best providers taking over others where they don’t make the grade, and with new ways o…","chunk 39: In 1997 New Labour met the call of national renewal. In our politics and economy over the last 18 months, we have witnessed seismic events. In this election, the first of the post-crisis era, we stand as the people with…",chunk 58: – a lower rate of corporation tax to encourage UK-based innovation – supporting the UK’s strengths in new industries and sectors. Investing in science and research Britain is among the best places in the world to do sci…,"chunk 156: The challenge for Britain To reduce the fear of crime by protecting frontline policing while making the police more responsive and accountable, and taking faster action on anti-social behaviour. The Tories talk tough bu…","chunk 293: The challenge for Britain To harness our strengths and values, as we develop Britain’s world role in a global era, using our alliances and networks in order to promote security, economic prosperity, development and to s…",,"chunk 243: on climate change. The 2008 Climate Change Act made Britain the first country in the world to put its carbon targets into law. Internationally, we will continue to work for an ambitious, fair and legally binding climate…"
98594986e2f3b75e,labour,Labour Party,2015,Britain can be better. The Labour Party Manifesto 2015,manifestos/analysis/text/labour/labour-2015.txt,19348,194,65,0.335,118,31,363,20,812,12,21,179,77,152,65,22,79.2,94.8,54.1,100.0,100.0,45.5,78.9,"chunk 73: with them and shaped around their needs, the option of personal budgets where appropriate, and a single named person to coordinate their care. They will also receive better information and advice on managing their condi…","chunk 31: We have been quick to seize the opportunities of the internet. We have big strengths to build upon: world-leading universities, an outstanding science research base, an open economy with one of the highest rates of fore…","chunk 16: Labour’s plan is to build firmer economic foundations for creating wealth, rewarding hard work and competing in the world. We will balance the books by cutting the deficit every year, with a surplus on the current budge…","chunk 8: We are a great country. With great people. In the last five years I have heard your stories, your hopes and your dreams. And I have heard too your frustrations. The countless people working as hard as they possibly can…",chunk 99: double the current level – by implementing the recommendations of the Lyons Review. It is only by building more homes that people’s aspiration for home ownership will be fulfilled. Our comprehensive plan to tackle the h…,"chunk 112: Safer communities Crime creates fear and insecurity. We can only live happy and fulfilled lives if we know that we are safe, and that we are not at risk of violation of our person or property. For too many people in our…","chunk 101: Restoring social security Britain needs a responsible and fair social security system that provides security when people lose their jobs or fall sick, as well as a decent income when they retire. The British people have…",,"chunk 39: Scientific discovery and technological innovation will drive economic advancement this century. We will introduce a new long-term funding policy framework for science and innovation, providing the stability and continui…"
e8fa4417f2661725,labour,Labour Party,2017,For the many not the few. The Labour Party manifesto 2017,manifestos/analysis/text/labour/labour-2017.txt,24684,500,229,0.458,135,63,396,61,963,29,12,295,85,144,52,37,68.2,86.7,67.2,78.6,63.2,60.0,70.7,"chunk 298: Public health For our health and care services to be sustainable in the long term, we need a renewed commitment to keeping people fit and well. Labour will focus our efforts on children’s health, protecting the wellbein…","chunk 269: SECURE HOMES FOR ALL Home is at the heart of all of our lives. It’s the foundation on which we raise our families, the bedrock for our dreams and aspirations. But for too many people, the housing pressures they face are…","chunk 376: in a publicly owned railway that will leave our roads freer of traffic and our air cleaner. We will facilitate British procurements, including steel, whenever possible. A Labour government will invest to regenerate the…",chunk 164: A Labour government will ensure that the UK maintains our leading research role by seeking to stay part of Horizon 2020 and its successor programmes and by welcoming research staff to the . e will seek to maintain membe…,"chunk 269: SECURE HOMES FOR ALL Home is at the heart of all of our lives. It’s the foundation on which we raise our families, the bedrock for our dreams and aspirations. But for too many people, the housing pressures they face are…","chunk 322: POLICE AND CRIME Last year, there were an estimated 6.1 million incidents of crime experienced by adults in England and Wales. Almost every police force in the country recorded an increase in crime, with worrying rises…","chunk 483: The primary duty of any government is to protect and defend its citizens. We live in a period of growing international tensions. A strong, viable and sustainable defence and security policy must be strategic and evidenc…",,"chunk 246: We would also extend the rights of employees to all workers, including shared parental pay, making a substantial and immediate difference to the quality of life of people in insecure work. But there are real concerns th…"
52bb2e5d3728ee43,labour,Labour Party,2019,It's time for real change ,manifestos/analysis/text/labour/labour-2019.txt,26285,433,170,0.393,154,94,520,34,1197,31,26,292,94,165,46,56,62.1,93.9,63.9,91.3,52.5,85.2,74.8,"chunk 141: Joined-up Care As medical technologies advance, we will live with a wider array of chronic conditions. Health and care must become more joined-up, more accessible, more personal and more preventative. We will stop Tory…","chunk 56: ECONOMY AND ENERGY This election is about the crisis of living standards and the climate and environmental emergency. Whether we are ready or not, we stand on the brink of unstoppable change.",chunk 218: We will ensure legal aid for inquests into deaths in state custody and the preparation of judicial review cases. We will consult on the civil legal aid means-test levels and act on the criminal legal aid review. We will…,chunk 377: Boris Johnson’s deal is even worse than Theresa May’s: it would leave the UK £70 billion worse off by 2029; it would give the green light to deregulation undermining UK manufacturing; and it would leave our NHS at the m…,"chunk 82: waste filling our oceans and addressing other societal challenges, such as an ageing population and antibiotic resistance. As part of our plan to usher in a Green Industrial Revolution, Labour will create an innovation…","chunk 198: Police A Labour government will invest in policing to prevent crime and make our communities safer, and we will enforce the laws protecting police and other emergency workers from violent assault. We will rebuild the wh…",chunk 203: A Labour government will review our security strategies. We will review the Prevent programme to assess both effectiveness and potential to alienate communities and consider alternatives including safeguarding programme…,,"chunk 77: In the case of energy, it will also help deliver Labour’s ambitious emissions targets. Whereas private network companies have failed to upgrade the grid at the speed and scale needed, publicly owned networks will accele…"
535b1bbeed6842a9,labour,Labour Party,2024,Change Labour Party Manifesto 2024,manifestos/analysis/text/labour/labour-2024.txt,24924,191,43,0.225,184,84,345,33,972,30,24,248,115,170,84,41,68.7,91.3,59.3,100.0,100.0,65.8,80.9,"chunk 50: create good jobs, with no community left behind, and support well-paying jobs in existing and future industries. The Conservatives propose an alternative course. A denial of reality; delaying action; increasing costs fo…","chunk 12: Secure borders Britain is a tolerant and compassionate country. We have a proud tradition of welcoming people fleeing persecution and abuse. Schemes like Homes for Ukraine, Hong Kong humanitarian visas, and the Syrian r…","chunk 16: action to support families, by tackling the underlying causes of the crisis. We will bring down the cost of energy. We will reduce food prices by removing barriers to businesses trading. We will make housing more afford…","chunk 2: When I consider these beliefs, it is hard not to think back to my childhood. Then, as now, Britain’s place in the world was uncertain. Then, as now, our economy was gripped by stuttering growth and a cost-of-living cris…","chunk 89: which will make sure every community has an open-access hub for children and young people with drop-in mental health support. Reforming further and higher education After years of Conservative chaos and policy churn, th…","chunk 6: My first steps for change 1. Deliver economic stability with tough spending rules, so we can grow our economy and keep taxes, inflation and mortgages as low as possible. 2. Cut NHS waiting times with 40,000 more appoint…",chunk 10: Strong foundations National security No policy commitment in pursuit of Labour’s missions matters unless we uphold the first duty of any government: to keep the country safe. Peace and security are hard earned. They req…,,"chunk 24: framework, that supports innovation, investment, and high-quality jobs. Procurement and trade policy will also be aligned with our industrial strategy priorities. Financial services are one of Britain’s greatest success…"
d0ca5f83dd4be72a,libdem,Liberal Democrats,1992,Changing Britain for Good,manifestos/analysis/text/libdem/libdem-1992.txt,17133,423,100,0.236,85,35,358,43,771,22,8,247,35,109,18,43,70.8,89.3,69.4,50.2,31.5,100.0,68.5,"chunk 196: Liberal Democrats aim to build an economy which is not only competitive and enterprising but also environmentally sustainable, leaving future generations a wealth inheritance - of knowledge, technology, capital and envi…","chunk 93: In the middle of the recession, the economy needs new impetus not a tax cut. We will immediately introduce an emergency programme of investment in the infrastructure and in public works in order to get companies and peo…","chunk 256: Real choice in health care. We will introduce an effeict Patient's Charter, including rights to hospital treatment within a specified time, a choice of GP, guaranteed access to health records, and a comprehensive no-fau…",chunk 21: Liberal Democrats put people first. We aim to create a society in which all men and women can realise their full potential and shape their own successes. We believe that if we could liberate this wealth of talent we wou…,"chunk 113: Create a training incentive for firms through the introduction of a levy equal to 2% of payroll, from which they would deduct their expenditure on training. We will require employers to release their employees aged unde…","chunk 182: According to the Government, water bills will rise by 50% within the next few years. For many households (in, for example, Wales), water bills are now higher than bills for all local government services put together. Si…","chunk 274: Creating safe and secure communities. We will give local authorities the powers to develop comprehensive community crime prevention programmes, improve services to victims and encourage Neighbourhood Watch and Safer Cit…",,"chunk 143: Taxes and public spending to be set to reach a 'savings target' for the nation over a period of years. We will set a target as a total of private- and public-sector savings, and adjust fiscal policy to achieve the targe…"
11dec4223ee7519d,libdem,Liberal Democrats,1997,Make the Difference,manifestos/analysis/text/libdem/libdem-1997.txt,14715,494,165,0.334,61,18,423,30,855,7,25,169,42,155,22,48,77.2,93.4,52.2,91.1,44.9,100.0,76.5,"chunk 192: <LI><B>Tackle youth crime.</B><BR> We will widen the use of schemes that require offenders to repay their debt to society and to confront the consequences of their actions. We will, where appropriate, require parents to…","chunk 11: <P> There are no quick fixes, no instant solutions. Eigteen years of Conservative government have left our society divided, our public services run down, our sense of community fractured and our economy under-performing…","chunk 101: <P> <UL> <LI><B>Support small and medium-sized businesses.</B><BR> We will encourage the banks to develop new sources of private finance, including grants, equity finance and mutual guarantee schemes. We will seek to ex…","chunk 7: <P> '<FONT SIZE=""+1"" FACE=""ARIAL""> The Liberal Democrats exist to build and safeguard a fair, free and open society in which we seek to balance the fundamental values of liberty, equality and community, and in which no-…","chunk 72: <LI><B>Promote training in the workplace.</B> To support companies that invest in education and training, and to encourage others to do so, we will introduce a 2 per cent remissible levy on company payrolls. This would…",chunk 197: <LI><B>Strengthen public confidence in police.</B><BR> We will make police authorities more responsive to local communities by increasing their elected membership and creating an accountable police authority for London.…,"chunk 194: <LI><B>Focus on crime prevention.</B><BR> We will require Councils to take the lead in establishing cross-community partnerships against crime, setting specific targets for crime prevention. We will give Councils powers…",,"chunk 387: <P> <UL> <LI>Strengthen action against discrimination. We will create a new Human Rights Commission, combining the Commission for Racial Equality and the Equal Opportunities Commission. We will give statutory force to t…"
499e6c7163d355ba,libdem,Liberal Democrats,2001,"Freedom, justice, honesty",manifestos/analysis/text/libdem/libdem-2001.txt,21921,629,200,0.318,100,27,392,113,792,17,30,214,40,237,37,55,78.7,77.6,47.5,63.9,50.6,100.0,69.7,"chunk 65: <LI><B>Give patients access to independent advocates.</B> Children, frail elderly people and those with learning difficulties would particularly benefit. There would be a Children's Rights Commissioner to represent chil…","chunk 276: <P> Britain's pensioners have not forgotten the miserliness of the 75p increase they were allowed last year. Under first the Conservatives and now Labour, the real value of state pensions has fallen further and further.…","chunk 438: <P> Although we support firm action against violent protests by animal rights activists, we are committed to strengthening animal welfare. We will establish an Animal Protection Commission to strengthen animal welfare p…",chunk 139: <P> <UL> <LI><B>Give every citizen an Individual Learning Account.</B> Ultimately this approach to life-long learning would provide the flexibility to access each person's entitlement to post-sixteen education throughou…,chunk 234: <LI><B>Increase investment in public transport.</B> We will enable local authorities to raise bonds and establish congestion charging and private non-residential parking taxes (including out-of-town retail and workplace…,"chunk 167: <P> <UL> <LI><B>Fund the police for 6000 more police officers</B> than March 2000 levels. We will fund 2000 recruits on top of the government's plans to ensure there is real increase in police strength, not just replaci…",chunk 177: <P> <UL> <LI><B>Focus resources on crime prevention rather than prison building.</B> Prisons are very expensive. There are many more cost-effective ways of reducing crime than ever-longer sentences. We believe that peop…,,"chunk 110: <LI><B>Replace all national school targets</B> with a statutory requirement for schools to develop individual education plans for pupils, with clear individual targets and criteria for improvement. The quality of the pl…"
14de6ecc47f4e513,libdem,Liberal Democrats,2005,The real alternative,manifestos/analysis/text/libdem/libdem-2005.txt,199,8,4,0.5,0,1,1,0,0,1,0,1,0,0,0,0,0.0,100.0,100.0,0.0,0.0,0.0,33.3,,"chunk 4: I have concluded, in the light of difficulties with my previous web host, and especially with my broadband provider (BT), that I cannot be guaranteed the level of access to the website that allows me to keep such a dive…","chunk 4: I have concluded, in the light of difficulties with my previous web host, and especially with my broadband provider (BT), that I cannot be guaranteed the level of access to the website that allows me to keep such a dive…",,"chunk 3: This might be because you typed the web address incorrectly. Please check the address and spelling ensuring that it does not contain capital letters or spaces. On the other hand, this might be because you are looking fo…",,,,
7840fb8a3345e40d,libdem,Liberal Democrats,2010,Change that works for you - building a fairer Britain,manifestos/analysis/text/libdem/libdem-2010.txt,18839,1,0,0.0,128,26,183,85,437,15,12,159,43,139,34,44,83.1,68.3,53.4,58.4,54.1,93.4,68.5,chunk 1: Liberal Democrat Manifesto 2010 fair taxes that put money back in your pocket a fair future creating jobs by making Britain greener a fair chance for every child a fair deal by cleaning up politics Liberal Democrat Mani…,,chunk 1: Liberal Democrat Manifesto 2010 fair taxes that put money back in your pocket a fair future creating jobs by making Britain greener a fair chance for every child a fair deal by cleaning up politics Liberal Democrat Mani…,,chunk 1: Liberal Democrat Manifesto 2010 fair taxes that put money back in your pocket a fair future creating jobs by making Britain greener a fair chance for every child a fair deal by cleaning up politics Liberal Democrat Mani…,,chunk 1: Liberal Democrat Manifesto 2010 fair taxes that put money back in your pocket a fair future creating jobs by making Britain greener a fair chance for every child a fair deal by cleaning up politics Liberal Democrat Mani…,,chunk 1: Liberal Democrat Manifesto 2010 fair taxes that put money back in your pocket a fair future creating jobs by making Britain greener a fair chance for every child a fair deal by cleaning up politics Liberal Democrat Mani…
5d90977536b27153,libdem,Liberal Democrats,2015,Manifesto 2015. Stronger Economy. Fairer Society. Opportunity for Everyone.,manifestos/analysis/text/libdem/libdem-2015.txt,35849,556,219,0.394,207,62,336,112,748,31,45,398,114,272,84,85,77.0,75.0,59.4,88.7,70.3,94.8,77.5,"chunk 204: Liberal Democrats have long championed early intervention to prevent problems before they arise, but we also need to make sure we equip social workers with the skills to address these complex issues and ensure children’…","chunk 239: ww Ensure no one in crisis is turned away, with new waiting time standards and better crisis care in Accident and Emergency (A&E), in the community and via phone lines. This will enable us to end the use of police cells…","chunk 114: A fair society is one in which everyone has the means to get by and the chance to get on. We will continue to rebalance the tax system away from hard work and towards unearned wealth, while stamping out abusive tax avoi…",chunk 522: 11.3 Britain in Europe: prosperity and reform Britain’s membership of the EU is essential for creating a stronger economy and for projecting influence in the world. Millions of British jobs are linked to our trade with…,"chunk 72: offering vocational education on a par with academic qualifications, backed up with new sector-led National Colleges. We will develop a national skills strategy for key sectors, including low-carbon technologies, to hel…","chunk 420: 9.2 Improving local policing We are successfully bringing down crime and improving the efficiency of our police forces, but there is more to do. We believe the police could be far more effective with proper support and…","chunk 289: ww Prepare a national resilience plan to help the UK economy, national infrastructure and natural resources adapt to the likely impacts of a 3-4 degree global average temperature rise. ww Work with local government to r…",,"chunk 82: to bring net greenhouse gas emissions to zero by 2050. ww Realise the full potential of the Green Investment Bank by increasing its capitalisation, expanding its remit, allowing it to raise funds independently and enabl…"
5955ac61070c872f,libdem,Liberal Democrats,2017,Change Britain´s future. Liberal Democrat manifesto 2017,manifestos/analysis/text/libdem/libdem-2017.txt,21948,292,88,0.301,171,53,154,79,336,19,28,261,45,130,79,52,76.3,66.1,66.8,66.5,100.0,94.8,78.4,"chunk 60: Liberal Democrats have always put education at the heart of our agenda. Education opens the mind, it fosters understanding and tolerance, and it empowers our children and our communities. We believe every child deserves…","chunk 43: and better crisis care in accident and emergency departments, in the community and via phone lines. This will enable us to end the use of police cells for people facing a mental health crisis. ●● End out-of-area placeme…","chunk 104: ●● A programme of installing hyperfast, fibre-optic broadband across the UK. ●● Capital investment in schools and hospitals to support capacity increases and modernisation. ●● Significant investment in road and rail inf…",chunk 10: That’s why the Liberal Democrats will not enter into coalition with either Theresa May’s Conservatives or Jeremy Corbyn’s Labour. Have no doubts – a massive Conservative majority would mean people and communities being…,"chunk 104: ●● A programme of installing hyperfast, fibre-optic broadband across the UK. ●● Capital investment in schools and hospitals to support capacity increases and modernisation. ●● Significant investment in road and rail inf…","chunk 224: ●● End the 1% cap on police pay rises. ●● Require all front-line officers to wear body cameras on duty, protecting the public from abuse of power and police officers from malicious accusations. ●● Resource BAME staff as…","chunk 53: ●● Move towards a health and social care system that empowers and encourages people to better manage their own health and conditions and to live healthier lives. ●● Publish a National Wellbeing Strategy, which puts bett…",,"chunk 156: ●● Pass a Zero-Waste Act, including legally binding targets for reducing net consumption of key natural resources, and introducing incentives for businesses to improve resource efficiency. ●● Benefit consumers by promot…"
a7ce512289287929,libdem,Liberal Democrats,2019,Stop Brexit. Build a brighter future,manifestos/analysis/text/libdem/libdem-2019.txt,28247,148,15,0.101,190,99,175,61,420,28,43,356,49,165,76,57,65.7,74.2,68.3,65.1,80.7,80.7,72.4,"chunk 56: high-quality childcare from nine months for all working parents, properly funded. Parents wanting to go back to work will get the help they need, knowing that their child will be happy, healthy and ready to start school…","chunk 147: Global Climate Action Now The climate emergency is a global challenge and requires a global solution. However, with the US withdrawing from the Paris Agreement and with most national climate policies falling well short…","chunk 27: cut energy bills and emissions by insulating homes, prioritising bringing 3.5 million households out of fuel poverty by 2025. In government, we will give every child the best start in life, no matter their ability or ba…","chunk 67: Our Plan for a Green Society and a Green Economy The UK should be leading the world in tackling the climate emergency. We are the first generation to know we are destroying the environment, and the last generation with…",chunk 108: Access to Affordable Housing People are struggling to afford good homes in in the right location: house prices are too high and the possibility of owning a home seems remote for many people; the private rental market is…,"chunk 96: ● End the GP shortfall by 2025 by both training more GPs and making greater appropriate use of nurses, physiotherapists and pharmacists, and also phone or video appointments, where clinically suitable. The Conservative…","chunk 100: interventions will only take place after the full impact on people’s mental and physical health has been fully assessed. ● Keep public health within local government, where it is effectively joined-up with preventive co…",,"chunk 121: Promote Diversity Liberal Democrats believe that in the diversity of the UK should be represented in public and working life. That means that women, ethnic minority groups, LGBT+ people and disabled people should be pro…"
c666cf3f713dfe55,libdem,Liberal Democrats,2024,For a fair deal. Manifesto 2024,manifestos/analysis/text/libdem/libdem-2024.txt,23003,737,365,0.495,125,92,110,34,200,19,31,272,49,184,59,62,57.6,76.4,59.6,69.6,76.9,100.0,73.4,chunk 235: 8 Education Liberal Democrats believe that education is the best investment we can make in our children’s potential and our country’s future. The Conservatives have consistently let down children and parents and neglect…,"chunk 154: 6 Health Good health gives people the freedom to live their lives as they choose. A thriving economy needs a healthy population. Universal high-quality healthcare, free at the point of use and accessible wherever and wh…","chunk 28: 2. A fair deal on public services Everyone should receive the care they need when they are ill or frail, and a helping hand when they fall on tough times. A strong NHS – open to all, regardless of wealth – gives people…","chunk 715: • Finally, once ties of trust and friendship have been renewed, and the damage the Conservatives have caused to trade between the UK and EU has begun to be repaired, we would aim to place the UK-EU relationship on a mor…","chunk 68: 4 Business and Jobs We aim to make Britain one of the most attractive places in the world for businesses to invest. Only in partnership with responsible, sustainable businesses can we tackle the cost-of-living and clima…","chunk 128: 5 Climate Change and Energy Climate change is an existential threat. Soaring temperatures leading to wildfires, floods, droughts and rising sea levels are affecting millions of people directly, and billions more through…",chunk 675: 21 Defence Keeping our country secure should be the first priority of any government. We must always take defence seriously – and work with allies to protect all our freedoms. The Conservative Government has been neglig…,,"chunk 313: Set a target of ending deep poverty within a decade, and establish an independent commission to recommend further annual increases in Universal Credit to ensure that support covers life’s essentials, such as food and bi…"
85b5fc3d2872c673,liberal,Liberal Party,1945,20-point manifesto of the Liberal Party,manifestos/analysis/text/liberal/liberal-1945.txt,3398,78,24,0.308,3,11,1,10,15,6,2,21,18,4,0,1,21.4,9.1,84.0,100.0,0.0,11.8,37.7,"chunk 36: The Ministry of Food must remain to ensure the fair distribution of available supplies to consumers, and to offer long-term contracts assuring farmers of fair prices and guaranteed markets over a period of years.",chunk 74: It is always the task of Liberals to exercise that eternal vigilance which is the price of freedom. Before the war our Members of Parliament challenged every encroachment upon the liberty of the subject. When we joined…,"chunk 36: The Ministry of Food must remain to ensure the fair distribution of available supplies to consumers, and to offer long-term contracts assuring farmers of fair prices and guaranteed markets over a period of years.","chunk 58: The traditional policy of the Conservative Party to build up a system of economic isolationism within the Empire is inconsistent with world co-operation, and with our obligations under Article VII of the Lease-Lend Agre…","chunk 15: Victory in total war has been achieved by the common sacrifice of all, by soldiers, sailors and airmen, and also by those working in the fields, factories, ships, mines and offices, and by the steadfastness of the women…","chunk 47: But where public ownership is more economic, Liberals will demand it without hesitation. Where there is no further expansion or useful competition in an industry or where an industry or group of industries has become a…","chunk 75: In the next Parliament, whether in or out of office, we shall continue to do our utmost to safeguard and enlarge civil liberties. Power must exist in any modern State. But it need not be arbitrary power. In this country…",,"chunk 49: Railways, with the large part of road transport controlled by them, are clearly in effect a monopoly, and should be treated as a Public Utility on a national plan. Electric power should also be reorganised as a public u…"
dd84f2684dde529d,liberal,Liberal Party,1950,No easy way: Britain’s problems and the liberal answers,manifestos/analysis/text/liberal/liberal-1950.txt,3036,73,20,0.274,5,12,2,53,7,6,3,15,8,12,2,3,29.4,3.6,55.6,72.5,19.8,39.5,36.7,chunk 9: A government governs best by example and not by exhortation; Liberals in office not only would demand thrift but would practise it.,"chunk 10: Taxation, direct and indirect, takes eight shillings in every pound; more taxation would only reduce incentives and yield less revenue. Taxation at its present level prevents an n crease in production by penalising effo…","chunk 38: The land is our greatest factory and the healthiest. Those who live by it must have assured markets and guaranteed prices, with notice to be given of any downward trend. We can and must produce a far greater volume of t…",chunk 35: We oppose peacetime conscription because it creates inefficiency and denies regular servicemen the pay and conditions to which they are entitled and would receive if we relied on volunteers. Conscription has weakened ou…,"chunk 42: The main plan is, first to get people decent living conditions and then to give them the chance to become owner-occupiers, even in Council houses and flats. One Minister must be responsible for the housing drive, to co-…","chunk 10: Taxation, direct and indirect, takes eight shillings in every pound; more taxation would only reduce incentives and yield less revenue. Taxation at its present level prevents an n crease in production by penalising effo…","chunk 10: Taxation, direct and indirect, takes eight shillings in every pound; more taxation would only reduce incentives and yield less revenue. Taxation at its present level prevents an n crease in production by penalising effo…",,"chunk 59: In the Trade Union movement a new Charter is needed, not only to reform the machinery of control, but also to safeguard the rights of the individual Trade Unionist. We would set up a Royal Commission to investigate all…"
0bc2c97385419385,liberal,Liberal Party,1951,The nation’s task,manifestos/analysis/text/liberal/liberal-1951.txt,2091,44,12,0.273,1,4,2,9,20,3,3,5,5,13,0,1,20.0,18.2,27.8,76.5,0.0,19.1,26.9,"chunk 24: For wages to go up is, in the long run, a good thing. For prices to go up is a bad thing. We can keep wages up and bring prices down in only one way - by making more and better things with the same amount of labour, and…",chunk 3: Great Britain is facing a new crisis - one of the biggest in her history. The people have not yet grasped how vast are the problems we have to solve very soon indeed.,"chunk 37: The difficulties which face us in the field of international trade and in home industries, and the great danger of a world food shortage, emphasise the vital part which British Agriculture has to play if we are to survi…","chunk 9: Second - the existence of a strong, independent Liberal Party would strengthen the liberal forces n both parties. Neither of these parties is genuinely united. Both have powerful extremist wings which could do serious d…","chunk 23: At home, after tremendous efforts to recover from the war, we are still faced with appalling difficulties. We used to be the workshop of the world. That position is now seriously challenged. Although we have full employ…","chunk 15: Because there are other nations who do not accept that rule of law, peace cannot be taken for granted. For this reason, we support with all our hearts the measures which are being taken to build up collective security a…","chunk 9: Second - the existence of a strong, independent Liberal Party would strengthen the liberal forces n both parties. Neither of these parties is genuinely united. Both have powerful extremist wings which could do serious d…",,"chunk 14: We stand firmly, as we have always stood, behind Collective Security and the United Nations Organisation. We believe in the absolute necessity of maintaining the rule of law, and protecting British interests when necess…"
e49cda4c29f4ef2b,liberal,Liberal Party,1955,Crisis unresolved,manifestos/analysis/text/liberal/liberal-1955.txt,2412,38,14,0.368,6,9,0,7,14,6,0,5,7,5,1,2,40.0,0.0,50.0,58.0,12.4,33.2,32.3,chunk 9: The London and Paris agreements are a means and not an end. We needed strength for negotiation with Russia and we must now negotiate for the establishment of European peace and the re-unification of Germany. Liberals wi…,chunk 2: Crisis Unresolved,,chunk 4: It would be ungenerous not to admit that since the last General Election we have gone some way to arrest the decay which set in with the second post-war Labour Government; the crisis was confronted but has not been reso…,chunk 8: There is fortunately broad agreement in this country both about the aims of British Foreign Policy and the means by which they are to be realised. The search for a foreign policy which shall be different from that of th…,chunk 16: Let us briefly consider what is required by our situation today - that of a debtor nation which must export much more than it imports or sink to the level of a second-rate power on a low standard of living.,chunk 5: There are some who are so encouraged by the better face of our affairs as to think that halcyon days have come; there are some who feel that it does not greatly matter which Party steers because the winds have abated an…,,"chunk 20: Both the big parties are vocal when out of office against monopolies, price rings and restrictive practices. Neither of them will make a fierce frontal attack when in power. Neither will so much as mention the necessity…"
64f720befa3f5bcd,liberal,Liberal Party,1959,People count,manifestos/analysis/text/liberal/liberal-1959.txt,2568,86,28,0.326,8,4,0,10,10,4,2,9,5,18,5,0,66.7,0.0,33.3,54.5,58.4,0.0,35.5,"chunk 47: Britain's future as a nation lies with the children. More teachers and more schools are needed. Secondary schools come first. Then the primary schools must be improved. There is room for public, grammar, comprehensive a…",chunk 32: There are millions of Liberals in this country. There are also millions of young people and uncommitted voters who simply do not see themselves mirrored in the image of Tory bigwigs or Labour bosses. There are all the c…,,chunk 30: A big Liberal vote would show that there are people who share Labour's concern about poverty but who are opposed to nationalisation. This would make it harder for Labour leaders to carry through the nationalisation of s…,chunk 45: INVEST IN EDUCATION,chunk 3: People Count. . . and because more and more people are realizing that Liberals believe that People count there has been the recent remarkable increase in public support for the Liberal Party. At this Election we hope to…,chunk 10: WORKERS' SECURITY,,
799db17436901e01,liberal,Liberal Party,1964,Think for Yourself - Vote Liberal,manifestos/analysis/text/liberal/liberal-1964.txt,4168,111,27,0.243,13,2,13,22,62,7,2,39,8,29,4,7,86.7,37.1,57.4,48.0,28.8,67.2,54.2,"chunk 61: Transport shapes the future of our country, yet investment in roads, docks and railways, for decades, has lagged far behind the country's needs. A comprehensive national motorway network must be built. East long distanc…","chunk 72: Britain's social security system, pioneered by two great Liberals - Lloyd George and Beveridge - now needs bringing up to date. The old age pension must be high enough for people to live on without national assistance a…","chunk 82: Liberals will switch the emphasis in combating crime to prevention and rehabilitation. We will expand the police force and the probation service, improve pay and conditions to attract high quality recruits. To reduce th…","chunk 14: Parliament, the Ministry of Expansion and industry, would then draw up and implement a national plan for economic growth. It would be drafted by the Minister of Expansion in consultation with industry and the unions and…","chunk 34: We shall make it easier for married women to return to work without disrupting the home, by encouraging part-time work, improving training and retraining, removing tax disabilities and introducing an allowance for child…","chunk 16: The Government must play a far more positive role in the export drive. Commercial staff in British embassies abroad, for instance, must help individual firms and work with them to get orders and expand their markets.","chunk 74: Insurance stamps will be abolished. Social security should be financed by a social security tax levied in proportion to their pay roll, on employers two-thirds and employees one-third. Revenue for social security benefi…",,"chunk 14: Parliament, the Ministry of Expansion and industry, would then draw up and implement a national plan for economic growth. It would be drafted by the Minister of Expansion in consultation with industry and the unions and…"
55c887b4eee001c3,liberal,Liberal Party,1966,For all the People: The Liberal Plan of 1966,manifestos/analysis/text/liberal/liberal-1966.txt,5955,157,24,0.153,17,14,4,50,24,17,3,54,12,34,7,7,54.8,7.4,61.4,50.4,35.3,47.0,42.7,"chunk 126: Security for Wives, Widows and Children. The present system of family allowances which mainly benefit the better off, should be abolished. All children including the first should be eligible under a new system of allowa…",chunk 5: Eighteen months ago many people had high hopes that a change of Government from Conservative to Labour would bring about a real change in the country's fortunes. They had watched the country drift from one economic cris…,"chunk 53: A few years ago only the Liberal Party recognised the need for selective expansion in food production. We called for a system of managed markets for home and imported produce under a Meat and Grain Commission, and a sys…","chunk 146: Once in Europe, Britain could be an effective Atlantic ally and with our fellow Europeans we could hope to influence American policy in places like Vietnam. Liberals believe in the late President Kennedy's concept of th…","chunk 111: Industrialised Building Techniques. System builders' factories run at a fraction of their capacity. Regional Planning Offices must be set up to co-ordinate these resources, guide the housing effort and speed the creatio…","chunk 89: The Deterrent. Events have proved that only the Liberals were sincerely opposed to Britain's possession of an independent nuclear deterrent. Labour in office, despite all they said in Opposition, have in fact committed…","chunk 119: Security in old age, security in sickness, security in unemployment. these are our responsibilities to each other. The great Liberal concept of the Welfare State is threatened by its increasing failure to match real nee…",,"chunk 53: A few years ago only the Liberal Party recognised the need for selective expansion in food production. We called for a system of managed markets for home and imported produce under a Meat and Grain Commission, and a sys…"
04a2fd95daa55658,liberal,Liberal Party,1970,What a Life!,manifestos/analysis/text/liberal/liberal-1970.txt,2887,66,24,0.364,5,5,2,11,13,7,1,14,7,10,2,4,50.0,15.4,58.3,55.4,20.8,55.4,42.6,"chunk 32: The tax system must be reformed and simplified so that it can be easily understood. There should be a permanent Parliamentary Committee on taxation, equipped to consult with experts, and able to assess foreign systems.…","chunk 29: Too much power is concentrated in Whitehall and Westminster. Genuine regional government must be established. Liberals propose twelve regional Assemblies in England, exercising many of the powers now exercised at the ce…","chunk 23: It is an old adage that he who pays the piper calls the tune. Who pays the Tory piper? In 1968/69 £752,086 was contributed to Tory funds by some 470 companies Who pays the Labour piper? In March the TRADE UNIONS paid £3…",chunk 52: In order that all the votes cast at an election shall count we wish to reform the voting system by the introduction of proportional representation by the single transferable vote. This system would mean that Parties wer…,chunk 46: The shortage of homes causes misery for many. The continuing existence of city slums is a national disgrace. There must be a very great speed-up in the renovation of whole areas. The housing problem must be tackled on a…,"chunk 11: Strikes, official and unofficial, by a few, paralyse whole sectors of industry and make it daily more difficult to pay our way in the world.","chunk 34: Very heavy burdens have been placed on the small businesses of this country. In the first three months of 1970, 1,039 companies failed. The equivalent figure for 1969 was 926, and for 1968 it was 762. Bureaucratic chore…",,chunk 27: The Liberals are not dominated by any sectional interest of producers. We are in a particularly strong position to defend the consumer. Stronger measures are needed to deal with monopoly conditions. All mergers over a c…
6b31d3bc39385b06,liberal,Liberal Party,1974,Change the Face of Britain,manifestos/analysis/text/liberal/liberal-1974-feb.txt,9360,194,64,0.33,35,46,10,100,32,22,4,52,13,46,5,10,43.2,9.1,53.1,36.3,16.0,42.7,33.4,"chunk 82: Liberals would control inflation through a combination of industrial reconstruction and a permanent prices and incomes policy enforced by penalties on those whose actions cause inflation. We propose that prices, dividen…",chunk 6: Britain cannot be governed effectively when parties continuously change their policies and principles to make cheap political gains and without regard for their own principles or for public opinion. The crisis of incons…,"chunk 18: 1 Establish the universal right to a minimum income balanced by a fairer distribution of wealth, through a credit income tax system and national minimum earnings guarantees.",chunk 119: would be entitled to various 'credits' or allowances depending on circumstances. Where the liability to tax exceeded the value of credits there would be net tax to pay. Where the value of the credits exceeded the liabil…,"chunk 171: Transport has become a social service in many cases, particularly the regions and rural areas. We believe that County Councils should collaborate with the Ministry of Transport in promoting research studies into rural t…","chunk 4: This country has seen two parties, Labour and Conservative, alternating in office during the last fifty years. For the last five years, both parties have had to deal with very similar problems; both have offered similar…",chunk 122: Whereas the Government scheme helps to tackle the poverty problem it has no intention of guaranteeing in every case that a family with no further help from the state would have enough to live on. The Liberal scheme does…,,"chunk 105: The Liberal Party advocates continuity of work on British nuclear reactor systems. The first advanced gas-cooled reactors will come into operation during 1974, and it would be a grave mistake to switch horses now to the…"
cc0617953ad8efdb,liberal,Liberal Party,1974,Why Britain Needs Liberal Government,manifestos/analysis/text/liberal/liberal-1974-oct.txt,5878,104,18,0.173,13,42,10,55,39,27,3,18,14,26,0,10,23.6,15.4,40.9,57.8,0.0,68.1,34.3,"chunk 8: Liberals are unashamedly committed to breaking the two Party system in which the Party of Management alternates with the Party of Trade Unionism, each committed to the reversal of their predecessors' policies. Both inte…","chunk 68: The most vital provisions any Government can make for its people are to ensure that they have a decent roof over their heads and an adequate income. In the immediate period of low or non-existent economic growth, we can…","chunk 8: Liberals are unashamedly committed to breaking the two Party system in which the Party of Management alternates with the Party of Trade Unionism, each committed to the reversal of their predecessors' policies. Both inte…","chunk 23: We seek to redistribute so that all may own and so that none may be impoverished. We seek to create an individual partnership between capital and labour. We seek to devolve power to Scotland, Wales and the regions of En…","chunk 74: In the field of housing, we must accept that we cannot continue indefinitely to subsidise the Building Societies in a vain attempt to keep interest rates down. If subsidies are necessary, they should be paid to individu…",chunk 10: The first priority must be to promote a sense of common endeavour and national purpose in government. We must persuade all people to lay aside the differences which divide and weaken us as a nation and to unite in pursu…,chunk 7: Mr. Wilson has called the second election because he is not prepared to accept the disciplines of a minority Government. So long as a minority Government governs on behalf of the whole nation it can command a majority i…,,"chunk 57: Our primary task in the immediate aftermath of the Election will be to establish an agreed attitude towards managing the economy. This must include a statutory policy for prices and incomes, which will only allow person…"
b3c56ba23bcd693e,liberal,Liberal Party,1979,The Real Fight is for Britain,manifestos/analysis/text/liberal/liberal-1979.txt,7072,220,77,0.35,27,14,7,49,20,10,2,39,13,32,6,12,65.9,12.5,54.9,42.4,25.5,67.9,44.9,chunk 18: Neither of the two established parties has paid any serious attention to the long-term conservation of Britain's environment and resources. The argument over North Sea oil has been conducted in terms of immediate benefi…,"chunk 7: But during the 18 months of the Liberal Agreement with the Labour Government the stability and consistency provided by co-operation among parties which represented a clear majority of the electorate, and the requirement…",chunk 12: Part Two of this manifesto sets out the Liberal Party's detailed electoral programme. I want here to stress four underlying themes: our commitment to fundamental political and constitutional reform; our proposals for ec…,"chunk 135: In a Federal Britain, regional and local government would have powers to raise the revenue they need for the services they provide. Income tax would be the main source of revenue at regional level with a tax on all land…",chunk 157: Housing policy should retain existing communities and help build new ones. Priority must be given to improvement of existing houses instead of wholesale clearance and rebuilding. Everyone must have access to adequate ho…,chunk 18: Neither of the two established parties has paid any serious attention to the long-term conservation of Britain's environment and resources. The argument over North Sea oil has been conducted in terms of immediate benefi…,"chunk 21: That is why we are prepared to co-operate with other parties, even as we insist on the need for a fundamental break in Britain's political habits. Of course we want in time to see Britain led by a Liberal Government, im…",,"chunk 16: We Liberals seek instead to alter fundamentally the framework within which economic policy is made, to bring the different sides of industry together to work constructively to increase the well being of Britain - not to…"
30cf9168adab952c,liberal,Social Democratic Party,1987,Joint programme of The Liberal/SDP Alliance: Britain United ‘The Time Has Come’,manifestos/analysis/text/liberal/liberal-1987.txt,19535,530,135,0.255,48,37,248,136,563,27,12,230,46,145,26,34,56.5,64.6,61.3,59.4,39.9,69.6,58.5,"chunk 520: The Alliance is different in another respect. It is not merely seeking to become the elected government of the country, but to overhaul the system of government so that all future governments, of whatever party, are bas…",chunk 230: The Alliance will work to ensure that every patient receives hospital treatment for routine operations within six months of referral by a GP. The backlog of people waiting is now of crisis proportions. We estimate it wi…,"chunk 525: That is why our prime aim is an Alliance majority government, an aim that can certainly be realised at this election. Indeed, such are the absurdities of the voting system that quite small increases in Alliance support…","chunk 507: In government we would maintain, with whatever necessary modernisation, our minimum nuclear deterrent until it can be negotiated away, as part of a global arms negotiation process, in return for worthwhile concessions b…","chunk 418: We will take action to deal with homelessness and bad housing. Housing is a vivid example of the Conservatives' cynicism. The Government decided the narrow rules restricting local housing powers, cut back the capital su…",chunk 95: Proportional representation for local government would stop unrepresentative extremists from controlling police authorities. It would mean more sensible police authorities and make possible a democratically accountable…,"chunk 100: Crime Prevention Units. There would be a duty on all local authorities to establish Crime Prevention Units, and to work closely with the police to help in setting up Neighbourhood Watch schemes. They would advise on sec…",,"chunk 52: We will establish a Human Rights Commission, which will take over the work of the Equal Opportunities and Racial Equality Commissions, and counter all discrimination on grounds of race, sex, creed, class, disability or…"
3b87423f2028df8b,plaid,Plaid Cymru,2010,Plaid 2010,manifestos/analysis/text/plaid/plaid-2010.txt,6965,47,11,0.234,44,35,39,36,78,17,5,59,7,39,10,11,55.7,52.0,60.2,34.5,43.1,63.2,51.4,"chunk 30: Educating the nation The future of our economy depends on a well-educated, highly-skilled workforce. As education is largely a devolved issue, Wales has been able to forge its own path in determining its priorities. Giv…","chunk 5: At a time when people in Wales have never felt so angry and let down by the same old politics in Westminster, more and more people are turning to Plaid because they know that Plaid offers something different. They know…",chunk 43: Plaid Cymru is proud of Wales unique heritage and as an internationalist party wants the nation to be able to play its part in the global community. Recognising that many of the challenges facing the world dont respect…,"chunk 24: Think Fairness. Think Plaid. Reforming economic and political structures is really about achieving fairness. Ordinary people have reacted with disbelief and fury to the parliamentary, banking and economic crisis because…","chunk 34: Good health starts at home. Where we live has a huge impact on our health and well-being as well as our access to healthcare, education, training and jobs. Plaid Cymru believes that everybody should be able to obtain an…","chunk 5: At a time when people in Wales have never felt so angry and let down by the same old politics in Westminster, more and more people are turning to Plaid because they know that Plaid offers something different. They know…","chunk 44: A just world Plaid Cymru MPs voted against the illegal war in Iraq and the war in Afghanistan. Plaid supports a phased exit strategy from Afghanistan by the end of 2011 at the latest. While they are there, the young men…",,"chunk 37: Think Sustainability.Think Plaid. The climate crisis is one of the most pressing political challenges we face. The future of our planet depends on urgent action to reduce emissions and the adoption of a different, more…"
f4467abea66098be,plaid,The Party of Wales,2015,Working for Wales. 2015 Westminster Election Manifesto,manifestos/analysis/text/plaid/plaid-2015.txt,18591,611,262,0.429,76,18,280,67,665,11,32,233,24,122,43,26,80.9,80.7,65.6,60.2,69.4,55.9,68.8,chunk 218: children’s progress throughout their school career so every child can reach their full potential. We will create an independent examination regulator to restore faith in the Welsh examination system. To better protect o…,"chunk 293: Now that Wales makes its own laws, there is an obvious need for a Welsh legal jurisdiction to reflect this, and this should be introduced quickly, followed by Welsh policing and criminal justice powers. We believe justi…","chunk 425: We will bring the Severn Bridges into Welsh public ownership, cutting the tolls and re-investing any profits into Welsh transport infrastructure. We will push for improvements to the A55, including the construction of a…","chunk 19: There is nothing inevitable about Wales’ future Our own destiny is in our own hands. In all likelihood, the election on the 7th of May will result in a balanced parliament where no single Westminster party has a mandate…",chunk 286: New Housing We will implement rent controls to ensure affordability of rental housing. We will look at how savings from housing benefit and additional borrowing powers could be used to support the building of social or…,"chunk 143: Fair taxation The UK additional tax rate will be set at 50p in the pound for those earning more than £150,000 per year. To help lower paid workers, we will raise the personal allowance threshold at which National Insura…",chunk 167: Plaid Cymru has worked for Wales • Plaid Cymru has consistently opposed the removal of crucial life saving services from local hospitals due to staff shortages. • In January 2014 we outlined our proposals to train and…,,"chunk 125: Fairness in the workplace Supervisory boards of major companies who employ more than 500 staff will include elected employees, to ensure scrutiny of the management in the interests of the company as a whole, building on…"
9849726dc9e51a16,plaid,The Party of Wales,2017,Tarian Cymru. Plaid Cumru. Defending Wales. Action Plan 2017,manifestos/analysis/text/plaid/plaid-2017.txt,9348,156,40,0.256,31,6,29,12,70,5,2,65,7,27,15,0,83.8,70.7,70.7,19.3,48.1,0.0,48.8,chunk 72: An outstanding education for every child The decline in educational standards under Labour is a national scandal. For over a decade Wales has lagged behind the rest of the UK when it comes to educational attainment. Pla…,"chunk 45: Cutting back on bureaucracy The Labour Welsh government is obsessed with micro-managing local government from Cardiff. Council staff are often forced to spend time ticking boxes, rather than addressing the needs of loca…","chunk 8: We will provide every child with high quality education; Plaid Cymru-led councils currently top the Welsh performance tables. Plaid Cymru councils buy locally, and invest locally, at all times prioritising and encouragi…","chunk 56: Protecting the weak and vulnerable Welsh public services have suffered drastic cuts at the hands of both Labour and the Tories. The Conservative government at Westminster is on a mission to undermine the welfare state,…","chunk 141: Investment in social housing While we will continue to support those who can buy or build their own home, we also realise that there are a great many Welsh people who simply cannot get on the housing ladder, and who are…",chunk 43: Torri’n ôl ar fiwrocratiaeth Mae gan Lywodraeth Lafur Cymru obsesiwn â meicro-reoli llywodraeth leol o Gaerdydd. Mae staff cynghorau yn aml yn cael eu gorfodi i dreulio’u hamser yn ticio bocsys yn hytrach nag ymdrin ag…,"chunk 101: All councils hold money in reserve, to meet future spending commitments. This reserve runs into the millions of pounds for each council, and parts of it are often locked away in an investment portfolio. Plaid Cymru beli…",,
619121e234d12b97,plaid,The Party of Wales,2019,"Wales, it's us",manifestos/analysis/text/plaid/plaid-2019.txt,18007,254,73,0.287,113,35,180,79,469,11,25,165,23,136,31,28,76.4,69.5,54.8,53.3,51.6,62.2,61.3,"chunk 110: Lifting Children out of Poverty Every child deserves to have the best start in life. Plaid Cymru want our children to live in warm homes, have enough food, to receive high-quality education and to be happy. The reality…","chunk 148: The crimes committed by men and women can vary significantly. Women’s offending tends to be of a less serious nature, which means they tend to serve a shorter sentence. In 2016, 74% of all women convicted were sentenced…",chunk 124: Planning We will create an overarching strategic framework for planning that prioritises sustainable development and protects against environmentally damaging development. Our aim is a system that provides greater freed…,"chunk 29: Leaving without a deal, with tariffs imposed on our lamb exports, would seriously impact on Welsh agriculture. It would also put at risk vital supplies of medicines and fresh food. The catastrophe of a crash out Brexit…","chunk 116: Further Education Further Education colleges are a crucial link to expanding key skills and productivity for all. But they are underfunded, and college teachers and lecturers are not given the same level of support or p…","chunk 127: Crime Prevention In recent years we have come to understand more about the relationship between Adverse Childhood Experiences (ACEs) – traumatic events such as sexual or physical abuse, domestic violence, and parental s…","chunk 95: Public Health Plaid Cymru has already led the way on public health measures in Wales, campaigning successfully for a ban on smoking in public places and minimum alcohol pricing. Until recently we were ridiculed for sugg…",,"chunk 167: The greatest obstacle to Welsh independence is the charge that we simply cannot afford it, that a country as rich as Wales in natural resources and in the skills and imagination of her people, is somehow too poor to be…"
faff1d2aa2fec5af,plaid,The Party of Wales,2024,"For fairness, for ambition, for Wales. Plaid Cymru manifesto for the Westminster general election 2024",manifestos/analysis/text/plaid/plaid-2024.txt,17306,255,71,0.278,76,37,112,154,257,15,20,189,17,112,29,35,67.3,42.1,62.8,42.8,50.3,80.9,57.7,"chunk 133: Control of our Natural Resources When it comes to powers over resources, we believe that the people of Wales should have full control over all of our natural resources, our waters and our lands. We need to have energy i…","chunk 84: “For years, Plaid Cymru has been raising concerns about the higher education sector, warning that it is in crisis and in need of urgent support”","chunk 32: green and net-zero sector, and includes re-skilling and supporting Welsh employees and apprentices into these sectors, meeting the need associated with demographic change in the manufacturing workforce and the skills sh…","chunk 90: As part of this transfer of powers, we would create a Minister of Justice in the Welsh Government, who would be responsible to the people of Wales, not Westminster. A Plaid Cymru government would review the operation of…","chunk 37: consider the obstacles that exist in reaching this target, e.g. the size of contracts or opportunities for Welsh companies to bid effectively. Recognising the success of the Basque Mondragon co-operative, Plaid Cymru wi…",chunk 111: Policing Protest Plaid Cymru believes that non-violent protest is an important mechanism in democracy to show public support of solidarity for a cause. We support the right of an individual to freedom of expression and…,"chunk 54: Establishing a regulatory body for managers would help improve patient safety and empower staff by ensuring that every decision reflects the values of candour, honesty and integrity. Public Health Plaid Cymru believes t…",,"chunk 87: Our Ambition for Criminal Justice Powers Plaid Cymru support the full transfer of justice powers to Wales, as recommended by three independent commissions, including the Thomas Commission on Justice in Wales and, most r…"
db20a6e8b5e8ee99,reform,Reform UK,2024,Our contract with you,manifestos/analysis/text/reform/reform-2024.txt,6560,313,160,0.511,24,28,28,21,102,6,2,54,14,89,16,10,46.2,57.1,37.8,48.8,73.2,61.0,54.0,chunk 237: Our Elderly Deserve to be Treated with Dignity and Respect Reform UK will ensure that our elderly people can live with dignity through long-term reforms funded by a growing economy. CRITICAL REFORMS NEEDED IN THE FIRST…,"chunk 3: more incompetence, dishonesty and defeat. The two-party system has failed. We are ruled by an out-of-touch political class who have turned their backs on our country. But there is an alternative. The British people now…","chunk 3: more incompetence, dishonesty and defeat. The two-party system has failed. We are ruled by an out-of-touch political class who have turned their backs on our country. But there is an alternative. The British people now…","chunk 42: The National Insurance rate will be raised to 20% for foreign workers. This would incentivise businesses rate would stay at 13.8%. Essential foreign health and care workers would be exempt from the tax, as would busines…","chunk 129: Too Many Children and Young People are Being Badly Let Down Reform UK wants an education system that ensures young people are proud of Britain and learn the skills, character and values to succeed in life. CRITICAL REFO…",chunk 284: EXTRA GROWTH ASSUMPTION Policy Area Economy - Personal Pledges Economy - Business Pledges Energy Pledges Brexit Pledges Overall Proposals will create 1 - 1.5% extra growth pa Extra 1% pa GDP = £25 bn Tax @ 40% spend = £…,"chunk 108: Thereafter: De-Politicise the College of Policing Prioritise crime prevention, discipline, public service and high standards of strength and fitness among trainees. Replace degree-standard entry with an entrance exam. R…",,chunk 237: Our Elderly Deserve to be Treated with Dignity and Respect Reform UK will ensure that our elderly people can live with dignity through long-term reforms funded by a growing economy. CRITICAL REFORMS NEEDED IN THE FIRST…
14cbcbaac7447d46,sdlp,Social Democratic and Labour Party,2015,Prosperity not austerity. SDLP Westminster Manifesto 2015,manifestos/analysis/text/sdlp/sdlp-2015.txt,8449,131,33,0.252,51,13,40,19,104,10,4,77,9,48,16,8,79.7,67.8,61.6,30.8,56.8,37.9,55.8,chunk 27: Education is an investment in our children’s future. Education is also key to achieving both social justice and long-term prosperity. However our current educational system is failing both our children and our society.…,chunk 28: Seven years and £16 million were wasted on the now defunct Education and Skills Authority Bill because of the DUP and Sinn Féin’s inability to agree. The SDLP fought hard to ensure that the Education Authority will now…,chunk 70: • want better mobile phone coverage to stop the ‘digital divide’ that disadvantages those in rural areas. Community Safety We remain committed to combating crime and ensuring safer communities for everybody. We will pro…,chunk 127: from Europe amounts to over £7.5 billion including £2.7 billion for farmers and fishermen. The SDLP is the only major pro-European party in Northern Ireland. Membership of the European Union has allowed for a cultural e…,chunk 28: Seven years and £16 million were wasted on the now defunct Education and Skills Authority Bill because of the DUP and Sinn Féin’s inability to agree. The SDLP fought hard to ensure that the Education Authority will now…,"chunk 14: economic growth is not centred exclusively on Belfast but is regionally balanced. We recognise the new challenges that increased fiscal powers will bring, not least the potential variance of the Northern Ireland block g…","chunk 109: The last few years have seen a return to crisis after crisis. Political instability is putting investors off, preventing the tough decisions from being made and preventing progress being made on a broad range of issues.",,"chunk 15: The SDLP will establish, in partnership with the British government, a Scottish-style commission to begin the devolution of further powers which will allow us to take control of additional fiscal levers. Through this me…"
0d7b855d60282e79,sdlp,Social Democratic and Labour Party,2019,"Stop Boris, stop Brexit",manifestos/analysis/text/sdlp/sdlp-2019.txt,9061,186,70,0.376,51,39,42,25,133,8,12,95,30,50,22,14,56.7,62.7,65.5,92.7,72.8,61.8,68.7,"chunk 72: PREVENTION AND PUBLIC HEALTH The SDLP supports measures to increase public health and prevention including; inclusion of prevention as a key Programme for Government priority, engage the entire workforce in prevention a…",chunk 46: A SEISMIC CHALLENGE Climate breakdown is the seismic global challenge facing this generation. Failure to take action now will result in significant changes to our global climate and weather patterns that will devastate…,chunk 58: Our pledge to you is that we will take the politics out of health. We will lead an honest conversation about our health and social care system and we will not shy away from difficult decisions when they are in the publi…,chunk 49: We cannot decarbonise our economy without ensuring that clean energy is affordable energy. We cannot deliver income equality without a green economy that creates high quality jobs. We know that ecological transition and…,chunk 105: HOUSING The work of the Northern Ireland Housing Executive and housing associations in providing social housing is absolutely vital. It is important that social housing providers are given full support to ensure that mo…,"chunk 35: SDLP MPs are more interested in writing laws than writing letters. We have used our influence at Westminster in the past, across a range of issues, to secure more for people here, including: · City and Region growth dea…","chunk 72: PREVENTION AND PUBLIC HEALTH The SDLP supports measures to increase public health and prevention including; inclusion of prevention as a key Programme for Government priority, engage the entire workforce in prevention a…",,chunk 128: REGIONAL INFRASTRUCTURE COMMISSION The UK National Infrastructure Commission provides a strategic assessment of long-term infrastructure needs at the beginning of each parliamentary mandate alongside recommendations for…
ca474b4d1d84ae5d,sdlp,Social Democratic and Labour Party,2024,SDLP manifesto. Westminster 2024,manifestos/analysis/text/sdlp/sdlp-2024.txt,11137,234,98,0.419,67,40,36,35,122,17,10,129,12,52,17,31,62.6,50.7,71.3,39.5,45.8,100.0,61.7,"chunk 143: Building For Our Future - Infrastructure To build a prosperous, sustainable future in NI, we need to urgently invest in our infrastructure. The SDLP has been at the forefront of campaigning for more ambitious infrastruc…","chunk 115: The SDLP has consistently campaigned for childcare to be recognised as a public good and part of our economic and social infrastructure. More than a year ago, we announced our proposals for immediate interventions in th…","chunk 74: → Commit to reduce the use of unnecessary personal guarantees in small business lending, recognising the chilling effect the overuse of personal guarantees has on small business willingness to invest",chunk 17: Fixing our Broken Politics The politics of division and deadlock haven’t been the sole preserve of the Conservative Party. The collapse of the Northern Ireland Executive for five of the last seven years has left people…,"chunk 79: Investing in Skills Skills are the engine of our economy, but far too many people and places have been left behind by the failure of government policy here to properly invest in those skills and create a pipeline from c…","chunk 36: 4. Saving the Health Service The health service in Northern Ireland is under immense strain The Transformation agenda has stalled due to the constant collapse of government, a failure to fund strategic change and a lack…",chunk 155: We require adequate investment to upgrade water infrastructure to prevent risk of overspill and pollution into the environment. The system is simply not fit for purpose and cannot meet the new environmental standards or…,,"chunk 98: A New Ireland for All The New Ireland Commission is an SDLP initiative. The New Ireland Commission is the space for new-thinking, ambition & imagination. The New Ireland Commission is the SDLP’s think-tank– future direc…"
fb3c664ba86b2fdf,sinn-fein,We Ourselves,1997,Estimate,manifestos/analysis/text/sinn-fein/sinn-fein-1997.txt,5913,263,126,0.479,23,18,10,10,27,13,2,46,6,13,14,6,56.1,50.0,78.0,27.1,71.0,40.6,53.8,chunk 23: A vote for Sinn Féin is a vote for a renewed Irish peace process. It is also a vote for a new vision of the future - for a new Ireland in which all of us can shape that future. It is a vision for which Sinn Féin activis…,chunk 28: Now is the time for change,chunk 26: Sinn Féin is committed to the transformation of Irish society and to a negotiated and democratic settlement. A vote for Sinn Féin is a vote for a new Ireland. An Ireland beyond the present conflict and beyond the presen…,"chunk 41: Sinn Féin continues to work tirelessly on its peace project. Only last November Gerry Adams and John Hume but proposals to John Major which could have restarted the peace process. Major, working to a unionist agenda, re…",chunk 158: Sinn Féin believes that access to education and training opportunities is a fundamental right for all people. Sinn Féin supports the proposals contained in the NUS and USI document which deals comprehensively with the c…,"chunk 253: At last year's Ard Fheis Sinn Féin adopted a document, `Policing in Transition - A Legacy of Repression, an Opportunity for Justice' The document put forward a number of radical proposals to replace the RUC. These propo…",chunk 27: Sinn Féin's vision is for a free Ireland and a free people. It sees the relationship between Britain and Ireland resting upon our mutual independence. It demands that we take risks. It demands that we persevere in our e…,,chunk 49: Sinn Féin's peace strategy was central in bringing about the IRA's cessation of August 1994. Sinn Féin helped create the framework which most people now identify as being necessary for peace. This means inclusive talks…
595504c328042eda,sinn-fein,We Ourselves,2001,Building an Ireland of equals,manifestos/analysis/text/sinn-fein/sinn-fein-2001.txt,7164,177,75,0.424,38,10,15,11,35,3,2,75,6,34,26,16,79.2,57.7,68.8,22.3,100.0,89.3,69.5,chunk 117: • An all-Ireland register of paedophiles to ensure that there is no hiding place for such people; • Funding for children's services. Sinn Féin has been instrumental in highlighting the lack of funding for children's ser…,"chunk 82: Farming in Crisis Our agricultural industry is in crisis — and not just over foot and mouth, although that is the most pressing issue today. We need to tackle this crisis but we also need to look at the underlying reaso…","chunk 9: Throughout this entire process, Sinn Féin has been the engine for change. We have given real leadership. We have been both flexible and imaginative but all the time wedded to our belief that the changes which are clearl…","chunk 19: Policing — A new beginning The Good Friday Agreement promised a new police service that would be: ""impartial; representative; free from partisan political control; efficient and effective; infused with a human rights cu…",chunk 41: Education is a fundamental human right. It enables young people to become aware of themselves as human and social beings who are enabled and encouraged to take up positions of leadership and responsibility in society. S…,"chunk 132: Bill of Rights In our wide-ranging submission to the Human Rights Commission, Sinn Féin called for a comprehensive Bill of Rights for the North as a first step towards the fullest harmonisation of rights standards throu…","chunk 9: Throughout this entire process, Sinn Féin has been the engine for change. We have given real leadership. We have been both flexible and imaginative but all the time wedded to our belief that the changes which are clearl…",,chunk 149: • An end to the use of voucher systems for asylumseekers; • Amendments to the Dublin Convention to make special provision for the experience of asylum seekers and expedite their release from custody if they have claimed…
fe00d9c40899380c,sinn-fein,We Ourselves,2015,Equality not austerity Comhionannas ní déine. Sinn Féin 2015 Westminster election manifesto,manifestos/analysis/text/sinn-fein/sinn-fein-2015.txt,5613,159,65,0.409,20,10,13,17,29,9,0,44,6,12,8,6,66.7,43.3,78.6,21.4,42.8,42.8,49.3,chunk 19: This austerity agenda is the single greatest threat to the people of the North and it’s political institutions. The absence of fiscal powers have made the Executive’s task even more difficult. The political institutions…,"chunk 15: Over the last eight years, despite unprecedented challenges caused by a global recession and an assault by the Tory party on the Executive budget, progress has been made. The economic crisis has caused real hardship for…","chunk 121: Flexible working can indeed be a benefit to employees as well as employers, but only if it is based on a guaranteed income and guaranteed hours.","chunk 127: protections agreed in the Stormont House Agreement. Seek the establishment of a Poverty Commission, as set out in our submission to the Stormont House talks. Campaign for a Living Wage. Campaign for greater security of…","chunk 80: British Government to secure a workable budget, including the immediate reinstatement of £1.5bn in spending power to the budget to invest in public services and economic growth. Seek the ability to retain the benefits o…",chunk 19: This austerity agenda is the single greatest threat to the people of the North and it’s political institutions. The absence of fiscal powers have made the Executive’s task even more difficult. The political institutions…,chunk 37: government to secure a workable budget including the reinstatement of £1.5bn to the budget to support job creation and the delivery of strong public services. This is 0.002% of the total British Public Expenditure budge…,,"chunk 99: regulations, broadcasting powers and key economic levers including the minimum wage, decisions over welfare policy and administration to the control of the Executive and Assembly. Demand a separate binding referendum on…"
424cb1550aac3d98,sinn-fein,We Ourselves,2017,Sinn Féin. Westminster election manifesto 2017. No Brexit. No border. No Tory cuts,manifestos/analysis/text/sinn-fein/sinn-fein-2017.txt,7920,209,96,0.459,8,7,5,16,35,8,2,20,13,10,4,2,53.3,23.8,66.7,37.9,15.2,10.1,34.5,"chunk 21: The choice is clear; vote for parties which agree with the Tories and their cuts, or for parties which do not have the strength or the will to oppose them; or vote Sinn Féin to safeguard your rights, your agreements, yo…",chunk 37: A TIME FOR UNITY Sinn Féin believes there should be a referendum vote on Irish unity within the next five years. A strong vote for Sinn Féin in this election will strengthen that demand and advance the imperative of end…,"chunk 46: EU membership provides access to healthcare in other European countries. Post-Brexit, your European Health Insurance Card will no longer guarantee you free treatment if you fall sick while travelling or working in the S…","chunk 20: The talks process was suspended by a Tory government seeking to consolidate their power at Westminster. A Tory party, with the support of the DUP, that seeks to impose Brexit.",chunk 58: INVESTING IN EDUCATION AND SCHOOLS The Tory party at Westminster have proposed cutting the education budget. Sinn Féin is for investing in education and offering opportunities to our young people to study and travel abr…,chunk 72: The north is a net beneficiary of EU funds. Our agriculture sector is heavily dependent on EU funding via direct payments/single farm payments from the Common Agriculture Policy. It is estimated that 87% of farm incomes…,"chunk 42: WORKING TO ESTABLISH THE EXECUTIVE In the Assembly elections, the people of the North overwhelmingly backed the need for change. They endorsed Martin McGuinness’s position that there had to be an end to political corrup…",,chunk 37: A TIME FOR UNITY Sinn Féin believes there should be a referendum vote on Irish unity within the next five years. A strong vote for Sinn Féin in this election will strengthen that demand and advance the imperative of end…
4a80886b6016abca,sinn-fein,We Ourselves,2019,Time for unity,manifestos/analysis/text/sinn-fein/sinn-fein-2019.txt,5545,75,19,0.253,8,7,4,9,9,5,1,2,0,0,2,0,53.3,30.8,100.0,3.6,10.8,0.0,33.1,"chunk 24: Language Act and reform of the use of the That is not a sustainable position. Petition of Concern. The delivery of rights cannot be avoided, It must also include dealing with the legacy National Rights, Citizenship Righ…","chunk 27: The Stormont House Agreement must be Good Friday Agreement provision which implemented by the British Government recognises the birth right of people here to immediately. be British, Irish or both. Those who call for sp…",chunk 3: — OU SAGE FROM MARY L DTD Mes RESIDENT McDONAL In 2017 seven Sinn Féin MPs were Now we have an opportunity to send a elected to stand up for the interests strong message to the Tory government of the Irish people and ag…,"chunk 15: We established direct links with many key perfectly. players. We published and distributed For instance, despite 59 Scottish MPs taking thousands of pamphlets around Europe their seats in Westminster their voice is and…",chunk 12: Sinn Féin has been anti-Brexit from the Communities Against Brexit (BCAB). Their start. We campaigned across the North for public profile and publicity provided Remain. them the space to influence. Sinn Féin After the r…,,chunk 3: — OU SAGE FROM MARY L DTD Mes RESIDENT McDONAL In 2017 seven Sinn Féin MPs were Now we have an opportunity to send a elected to stand up for the interests strong message to the Tory government of the Irish people and ag…,,
61aeb4f68ea39d47,sinn-fein,We Ourselves,2024,Strong leadership. Positive change. Westminster election 2024. Sinn féin manifesto,manifestos/analysis/text/sinn-fein/sinn-fein-2024.txt,1922,50,27,0.54,18,5,15,1,17,4,0,12,1,6,2,2,78.3,93.8,66.7,10.4,31.2,41.6,53.7,chunk 47: PLANNING FOR CONSTITUTIONAL CHANGE The discussion on constitutional change is everywhere. Partition has failed us all. The Good Friday Agreement provides a peaceful and democratic pathway through a referendum process to…,"chunk 21: On day one after the Westminster election, Sinn Féin MPs will be working hard as part of a strong all-Ireland Sinn Féin team to deliver for all our people and communities.","chunk 41: STRONG LEADERSHIP In this election Sinn Féin is asking you to endorse strong leadership and positive change. We are committed to delivering effective government, progressive change, and good public services, working tog…",chunk 47: PLANNING FOR CONSTITUTIONAL CHANGE The discussion on constitutional change is everywhere. Partition has failed us all. The Good Friday Agreement provides a peaceful and democratic pathway through a referendum process to…,"chunk 41: STRONG LEADERSHIP In this election Sinn Féin is asking you to endorse strong leadership and positive change. We are committed to delivering effective government, progressive change, and good public services, working tog…","chunk 37: And you are supporting a stronger economy, creating more well-paid jobs, and making childcare more accessible and affordable.","chunk 41: STRONG LEADERSHIP In this election Sinn Féin is asking you to endorse strong leadership and positive change. We are committed to delivering effective government, progressive change, and good public services, working tog…",,"chunk 41: STRONG LEADERSHIP In this election Sinn Féin is asking you to endorse strong leadership and positive change. We are committed to delivering effective government, progressive change, and good public services, working tog…"
8941a257fb42e0c0,snp,Scottish National Party,1997,Yes we can win the best for Scotland,manifestos/analysis/text/snp/snp-1997.txt,15563,100,34,0.34,41,34,42,56,344,19,7,153,13,56,5,18,54.7,42.9,73.2,25.7,9.6,46.3,42.1,"chunk 50: energy self sufficiency, still more the ability to export energy or energy sources, will remain of great importance to any nation. Scotland is an energy rich nation. That fact alone should give us the confidence to face…",chunk 33: THE SNP MANIFESTO 1997 7: Serving a Better Scotland In keeping with the multi cultural society in which we live education in an independent Scotland will involve learning about the wide range of factors that have create…,chunk 26: THE SNP MANIFESTO 1997 6: Living in a Better Scotland A Real Scottish National Health Service Social justice also requires a new approach to the Scottish Health Service. The SNP will first of all establish an independen…,"chunk 38: THE SNP MANIFESTO 1997 7: Serving a Better Scotland access to all. An SNP Government will reform Scottish Broadcasting , building on the tradition of excellence that exists but ensuring that Scottish programme making an…",chunk 33: THE SNP MANIFESTO 1997 7: Serving a Better Scotland In keeping with the multi cultural society in which we live education in an independent Scotland will involve learning about the wide range of factors that have create…,"chunk 12: The choice of how to vote at a General Election can be dictated by tradition, reason or emotion. But whatever the basis for your choice will be, it is important first to know the truth about our country and our prospect…",chunk 45: (where holdings allow) timber as a common crop. But this will be suitable for a small minority of crofters only. The SNP wishes to see the Crofters Commission transformed into a National Crofting Development Agency with…,,chunk 26: THE SNP MANIFESTO 1997 6: Living in a Better Scotland A Real Scottish National Health Service Social justice also requires a new approach to the Scottish Health Service. The SNP will first of all establish an independen…
b7f8cfb432452525,snp,Scottish National Party,2001,Heart of the manifesto 2001,manifestos/analysis/text/snp/snp-2001.txt,10507,164,66,0.402,36,21,128,84,351,10,2,88,19,63,17,21,63.2,60.4,58.3,40.0,48.5,79.9,58.4,"chunk 148: Less Favoured Areas deal will cause financial hardship for many farmers and crofters and must be ameliorated. This should be done by the Scottish Executive using funds from other sources, such as modulation, and by a co…","chunk 5: The election of SNP MPs to the Westminster Parliament is a vote for Scotland and a vote for Independence. A vote for MPs committed to win Independence, and who will work to bring about Independence as quickly as possibl…",chunk 84: = We will end publication of selective information that leads to the compilation of misleading league tables which are increasingly seen as disruptive to the process of learning and which produce no benefit for young pe…,"chunk 86: The recent structural changes to the Scottish Tourist Board and Visit Scotland recognise that change is required. However, much more remains to be done. Fundamentally, the organisation must move away from seeing itself…",chunk 48: sustainable stream of income for investment from the depletion of scarce natural resources. The extent of this income will vary with the revenues committed and the rates of return on investment achieved. The investment…,"chunk 143: Independence, we will press for legislative powers in this area to be devolved to the Scottish Parliament, as it has been to the Northern Ireland Assembly. Disability Issues Disabled people still face barriers of discri…","chunk 149: London based trustees of the New Opportunities Fund to the Scottish Parliament. We support community right to buy, but believe that more effective mechanisms must also be put in place to ensure greater involvement for c…",,chunk 87: recognition. Our support for Scotland's trades unions will continue. We will guarantee the rights of trades unions and the rights of representation for workers through a statutory Charter of Trade Union Rights. We suppo…
d6e2d2e569131a19,snp,Scottish National Party,2010,Snp 2010,manifestos/analysis/text/snp/snp-2010.txt,22828,699,223,0.319,149,25,354,76,913,13,16,206,22,177,51,37,85.6,82.3,53.8,33.3,67.0,64.8,64.5,chunk 240: In government we will review the interaction of current flooding legislation to ensure adequate access to funding for sustainable flood prevention measures. We believe the inclusion of sustainable measures is important…,"chunk 276: By investing in more fast-track diagnostic and treatment centres within the NHS, by giving every patient a legally binding waiting time guarantee appropriate for their needs, and by providing the right incentives for ho…",chunk 350: To help Scottish children develop the habit of physical fitness we will ensure that every pupil has 2 hours of quality PE each week delivered by specialist PE teachers. We will continue the Active Schools Programme and…,"chunk 142: match the growth rate of small European nations -performing like other small European nations would mean an independence bonus of an additional 19bn in the economy over 10 years, or 10,000 per family in Scotland grow th…",chunk 57: Building firm foundations for learning Providing improved opportunities to learn Creating a springboard for life through Higher and Further education Supporting culture and creativity Priorities include: Delivery of a 5…,"chunk 61: Providing a stronger focus on safer communities Increase public protection Addressing the causes of crime Ensuring the most appropriate sentencing, punishment and rehabilitation Priorities include: Putting more police o…",chunk 240: In government we will review the interaction of current flooding legislation to ensure adequate access to funding for sustainable flood prevention measures. We believe the inclusion of sustainable measures is important…,,"chunk 183: We will begin early consultations on the most effective target for the use of bio-fuels and hydrogen powered vehicles, and put forward as the starting point for discussion a twin target of a 100% use of alternative fuel…"
5badb335b41c87e7,snp,Scottish National Party,2015,Stronger for Scotland. SNP Manifesto 2015,manifestos/analysis/text/snp/snp-2015.txt,16116,365,215,0.589,65,29,166,83,376,9,3,165,19,181,12,29,69.1,66.7,47.7,27.3,22.3,72.0,50.9,"chunk 230: Building a fairer Scotland and tackling inequality. The past year has shown there is a real demand for a new Scotland, where more of us can contribute fully. Our approach in government, with its focus on early intervent…","chunk 22: The more economic powers we have the more we can achieve Despite having limited powers, we have taken action to boost our economy and support employment. For example, at the height of the financial crisis, we were able…","chunk 13: investment through BBC Scotland so that a fairer share of the licence fee is spent in Scotland, giving a £100 million boost to our creative sector. • For local job creators – we will continue the Small Business Bonus an…","chunk 322: We share the view of many organisations across Scotland that the package, as it stands, does not enable us to deliver fully either the greater social justice or the powerhouse economy that our country demands. As the ST…","chunk 213: Projects include the A9, Aberdeen to Inverness rail line, the Aberdeen by-pass, the Borders Railway, the completion of the Glasgow-Edinburgh rail improvements and the Dundee Waterfront project. In addition, we are suppo…","chunk 22: The more economic powers we have the more we can achieve Despite having limited powers, we have taken action to boost our economy and support employment. For example, at the height of the financial crisis, we were able…","chunk 230: Building a fairer Scotland and tackling inequality. The past year has shown there is a real demand for a new Scotland, where more of us can contribute fully. Our approach in government, with its focus on early intervent…",,"chunk 361: We will seek agreement that the Scottish Parliament should move to full financial responsibility. As implementation of the Calman Commission proposals and the Scotland Act 2012 have demonstrated, the transition to full…"
8421325c4b14b3a1,snp,Scottish National Party,2017,Stronger for Scotland. Manifesto 2017,manifestos/analysis/text/snp/snp-2017.txt,20641,267,40,0.15,74,55,174,67,533,33,5,90,52,114,28,25,57.4,72.2,44.1,55.2,40.7,48.4,53.0,chunk 190: The SNP strongly opposes the cap that restricts Child Tax Credits to the first two children and the removal of the family element of Universal Credit. We believe that all children should be treated equally. We oppose th…,"chunk 116: NHS workers from across Europe help to staff our GP surgeries, hospitals and our care homes. SNP MPs will continue to press the UK government to immediately protect their right to live and work in Scotland and the UK. W…","chunk 45: Improving education We will expand early years education and childcare to 30 hours a week for all 3 & 4 year olds and vulnerable 2 year olds. We will continue to invest in and reform school education, with the new Natio…","chunk 180: To be taken out, not just of the EU, but also of the Single Market, poses a real and present danger to Scottish jobs - to our farmers and fisherman, our universities, our food and drink businesses and to almost every se…","chunk 45: Improving education We will expand early years education and childcare to 30 hours a week for all 3 & 4 year olds and vulnerable 2 year olds. We will continue to invest in and reform school education, with the new Natio…","chunk 117: Protecting our education sector Scotland’s NHS: the facts • We are investing record amounts in health – over £13 billion in 2017, £3.6 billion more than when we took office. And health spending per head in Scotland is h…","chunk 184: MAKING WESTMINSTER FAIRER While handing tax cuts to the wealthiest, the Tories have cut support for the most vulnerable. And the Tories are now openly threatening a race to the bottom in tax, wages and working condition…",,"chunk 186: Tackling child poverty The SNP Scottish Government has introduced a new Child Poverty Bill, following the Tory government’s decision to scrap income-based child poverty targets in the last Parliament. The new Bill intro…"
a4e2e39f5fde5070,snp,Scottish National Party,2019,Strong for Scotland,manifestos/analysis/text/snp/snp-2019.txt,22140,283,64,0.226,145,58,151,99,468,31,25,113,57,119,37,38,71.4,60.4,48.7,74.1,50.1,68.7,62.2,"chunk 107: That’s why a vote for the SNP is a vote to demand that our NHS is protected explicitly in law from being included in future trade deals. We will propose a new law to explicitly protect the NHS in Scotland, Wales and Eng…",chunk 35: Westminster’s broken promises Brexit has broken the Britain Scotland was promised in 2014. Here’s what the Westminster parties promised in the first Independence Referendum…and how they broke those promises. 1. European…,"chunk 141: To build on the work of the Scottish Government, SNP MPs will push for an increase in the capital borrowing limits that restrict our ability to invest in infrastructure and grow our economy. We will also demand that Sco…",chunk 35: Westminster’s broken promises Brexit has broken the Britain Scotland was promised in 2014. Here’s what the Westminster parties promised in the first Independence Referendum…and how they broke those promises. 1. European…,"chunk 141: To build on the work of the Scottish Government, SNP MPs will push for an increase in the capital borrowing limits that restrict our ability to invest in infrastructure and grow our economy. We will also demand that Sco…",chunk 111: Maintaining Law & Order Everyone has the right to feel safe in their community and have confidence in their police and fire services. Despite the constraints on Scotland’s public services through a decade of UK austerit…,chunk 212: Our Best Start Foods replaced the UK Healthy Start Voucher scheme but did so at a higher level and introduced a new payment card to remove the stigma associated with the old paper vouchers. But we do this in the face of…,,chunk 211: Child poverty It is shameful that so many of our children grow up in poverty. SNP MPs will always hold the UK government to account on the impact of their policies which under the Tories and the Lib Dems over the past d…
20fe987f6840d22c,snp,Scottish National Party,2024,“A future made in Scotland.”,manifestos/analysis/text/snp/snp-2024.txt,8053,100,36,0.36,59,33,36,27,94,11,4,90,16,58,13,11,64.1,57.1,60.8,49.7,48.4,54.6,55.8,"chunk 80: Support the North East and the Just Transition. North Sea oil and gas is naturally declining, and as the transition to new industries gathers pace, we are clear that the workers, families and people of that industry and…","chunk 62: Reckless Tory economic mismanagement has resulted in spiralling interest rates, sky high energy costs, increased mortgage payments and left people struggling to pay their bills. Despite limited powers, the SNP Scottish…","chunk 85: as possible. We are committed to dualling the A9 in full between Perth and Inverness and improving the A96, including dualling Inverness to Nairn and the Nairn Bypass. We will press the UK Government to fulfil their com…","chunk 43: A FAIRER TAX SYSTEM Against a backdrop of biting austerity, we’ve delivered the fairest and most progressive income tax system in the UK - raising an additional £1.5bn to invest in our public services, fund fair pay dea…","chunk 46: We have already invested in key infrastructure projects like the Borders Railway and the Queensferry crossing and delivered over 128,000 affordable homes, but without a change in approach to fiscal rules we are reaching…","chunk 12: Moderate left of centre policies to make life better for the people of Scotland. SNP MPs who will always put the interests of the people of Scotland first, and protect public services like our cherished NHS. And, at the…","chunk 99: Strengthen Scotland’s security by pushing the UK to focus on countering disinformation and misinformation, better protecting national critical infrastructure, improving supply chain resilience and strengthening the abil…",,"chunk 82: Provide sustainable funding for farming. Despite numerous requests, Scotland has had no commitment from Westminster on any future funding for farming after 2025. The UK Government must increase funding for farming – to…"
aed59a8fcef73d2e,tuv,Traditional Unionist Voice,2024,Restore the Union. TUV manifesto 2024,manifestos/analysis/text/tuv/tuv-2024.txt,7691,105,50,0.476,13,34,7,21,51,20,4,25,11,44,5,10,27.7,25.0,36.2,39.0,19.5,52.0,33.2,chunk 61: EDUCATION The shortage of funding and the imbalance between sectors is hitting the controlled sector particularly hard. TUV wants to address this inequality. TUV sees tackling educational underachievement as its number…,chunk 41: • Stop the Boats with our 4 Point Plan. - Leave the European Convention on Human Rights. - Zero illegal immigrants to be resettled in the UK. New Department of Immigration. - Pick up illegal migrants out of boats and ta…,"chunk 48: COST OF LIVING CRISIS Across the UK the cost of living crisis continues, making life tough for everyone. Now, more than ever, people demand prudence from government when it comes to spending. They need MPs committed to…",chunk 41: • Stop the Boats with our 4 Point Plan. - Leave the European Convention on Human Rights. - Zero illegal immigrants to be resettled in the UK. New Department of Immigration. - Pick up illegal migrants out of boats and ta…,chunk 49: SUITABLE HOUSING FOR ALL TUV believes that everyone is entitled to decent housing. The most common request of Housing Executive and Housing Association tenants is for repairs to be carried out in a timely manner. Given…,"chunk 48: COST OF LIVING CRISIS Across the UK the cost of living crisis continues, making life tough for everyone. Now, more than ever, people demand prudence from government when it comes to spending. They need MPs committed to…",chunk 26: ii) Safeguarding the Union – The Donaldson-Robinson Deal Although the DUP claimed earlier in the year that their Safeguarding the Union deal provided a signiﬁcant advance on the Windsor Framework (which they rejected) a…,,"chunk 24: Failed Solutions: i) The Windsor Framework – saving the Irish Sea Border If the Protocol had been fully applied on 1 January 2021 it would have caused Northern Ireland’s supply chain to collapse within 48 hours, creatin…"
3fce68ac0f4074b4,ukip,United Kingdom Independence Party,2010,Ukip 2010,manifestos/analysis/text/ukip/ukip-2010.txt,7890,60,45,0.75,24,13,13,22,133,12,3,75,9,37,4,14,64.9,37.1,67.0,30.4,15.2,71.0,47.6,"chunk 13: Cut council tax by scrapping EU laws like the landfill tax that costs every district council an average of 3 million p.a., as well as culling non-jobs and political correctness Replace the EUs Value Added Tax (VAT) with…","chunk 6: Foreword In June 2009, the UK Independence Party (UKIP) beat the ruling Labour Government as well as the Liberal Democrats in the European elections, the most recent major national vote. UKIP achieved 2.4 million votes…","chunk 18: For too long, the EU and the UKs major political parties have ridden roughshod over the concerns of farmers and rural people. UKIP will implement policies to ease key worries, breathe new life into the rural economy and…","chunk 15: While UKIP is realistic about the difficult economic and political challenges Britain faces, we take a positive view of Britains place in the world - a stark contrast to the defeatist and apologetic stance taken by othe…","chunk 13: Cut council tax by scrapping EU laws like the landfill tax that costs every district council an average of 3 million p.a., as well as culling non-jobs and political correctness Replace the EUs Value Added Tax (VAT) with…","chunk 6: Foreword In June 2009, the UK Independence Party (UKIP) beat the ruling Labour Government as well as the Liberal Democrats in the European elections, the most recent major national vote. UKIP achieved 2.4 million votes…","chunk 13: Cut council tax by scrapping EU laws like the landfill tax that costs every district council an average of 3 million p.a., as well as culling non-jobs and political correctness Replace the EUs Value Added Tax (VAT) with…",,"chunk 13: Cut council tax by scrapping EU laws like the landfill tax that costs every district council an average of 3 million p.a., as well as culling non-jobs and political correctness Replace the EUs Value Added Tax (VAT) with…"
59402ebc8cff07ff,ukip,United Kingdom Independence Party,2015,Believe in Britain. UKIP Manifesto 2015,manifestos/analysis/text/ukip/ukip-2015.txt,27836,968,510,0.527,95,59,225,66,691,30,21,192,48,162,55,44,61.7,77.3,54.2,49.6,59.3,63.2,60.9,chunk 80: This is a terrible legacy to leave our children and grandchildren.,"chunk 174: EMERGENCY MEDICINE There is a shortage of emergency medicine consultants in our Accident and Emergency departments, just 1200 when the profession needs closer to 2000. The problem stems not so much from a deficiency in…",chunk 606: We will introduce a fast-track deportation programme to safeguard our national security and ease overcrowding and We will decriminalise one crime: non-payment of the TV licence fee. This will become a civil rather than…,"chunk 35: INTRODUCTION TO OUR MANIFESTO Suzanne Evans DEPUTY CHAIRMAN, POLICY If only all politicians could believe in Britain as UKIP does. If only they could share our positive vision of Britain as a proud, independent sovereig…",chunk 328: There is a dire shortage of affordable housing in Britain. Many of those who would like to own their own home are simply unable to even contemplate it. They are ‘locked out’ of home ownership. Social housing waiting lis…,"chunk 581: Crime is not a ‘lifestyle option’ UKIP will tolerate. The more visible police we have on our streets, the more criminals are reminded of this fact and the more the public are reassured. Reducing the numbers of territori…","chunk 444: To address both this issues, UKIP will pilot a scheme to improve access to trade credit insurance to small businesses. This insurance already exists in the market, but can prove restrictive for smaller companies, especi…",,chunk 190: EFFECTIVE AND POWERFUL HEALTHCARE MONITORING We think NHS managers should be subject to disciplinary oversight in the same way as doctors and nurses who are regulated by the General Medical Council and the Nursing and M…
e8685f137a854942,ukip,United Kingdom Independence Party,2017,Britain Together. UKIP 2017 manifesto,manifestos/analysis/text/ukip/ukip-2017.txt,25595,789,400,0.507,95,60,168,94,569,25,25,191,55,164,53,29,61.3,64.1,53.8,62.5,62.1,45.3,58.2,"chunk 280: The next generation is the future of the UK. Our children need educational solutions that really work, not political dogma. Grammar schools, dynamic academies and technical schools in every town from Toxteth to Twickenh…","chunk 197: RELIEVING PRESSURE ON A&E DEPARTMENTS UKIP will train more emergency medicine consultants and improve their working conditions. Emergency medicine consultants cannot be expected to work unreasonably extended shifts, rep…","chunk 363: FAIR, EQUITABLE IMMIGRATION To make immigration fair and equitable, we will introduce a new Australian-style pointsbased system, and a work permit system. Both will apply equally to all applicants, save for citizens of…","chunk 63: Article 50 is a trap designed to obstruct countries from leaving the EU. The longer the leaving process lasts, the greater the chance of the Referendum decision being overturned. May’s decision not to implement the deci…",chunk 173: Solving Britain’s Housing Shortage HOW UKIP’S MODULAR HOMES BUILDING SCHEME WILL WORK UKIP will establish a Housing Development Corporation (HDC) to acquire primarily brownfield sites – at existing use value and through…,"chunk 51: Fund 20,000 more police officers, 7,000 more prison officers, and 4,000 more border force staff",chunk 611: and distribution can be severely affected by international conflict. It would be foolhardy not to maximise home produced energy and this is why UKIP will invest in shale gas exploration. If ‘fracking’ is viable in Brita…,,"chunk 362: UKIP will establish a Migration Control Commission and set a target to reduce net migration to zero, over a five-year period. This means approximately halving gross immigration for a five-year period. This will still al…"
6cf6aede38d7c7c6,uup,Ulster Unionist Party,1997,Estimate,manifestos/analysis/text/uup/uup-1997.txt,8594,302,128,0.424,41,12,35,33,91,6,1,74,17,45,21,15,77.4,51.5,62.2,41.9,73.3,69.8,62.7,"chunk 181: We support the emphasis in the Children Order on offering families support to care for their children at home - developing a preventative framework for families rather than relying solely on child protection. However, i…","chunk 77: 3. Take account of the great changes in the labour market which now has many more temporary, casual and part time workers, adapting the National Insurance Scheme to include these people and bringing them into a suitable…",chunk 247: Agriculture remains of much greater importance in Northern Ireland than in the rest of the United Kingdom. It employs a direct labour force of about 5.8% of the Northern Ireland workforce and the total employment in the…,"chunk 13: A genuinely British Irish Agreement should replace the flawed Anglo-Irish one. An appropriate cross frontier relationship could be located within this, based on pragmatic considerations of mutual benefit and not on a po…","chunk 130: We are concerned at the virtual withdrawal from new house building by the NIHE. We welcome the greater role of Housing Associations on this matter, but unlike the Housing Executive, Housing Associations do not have stat…","chunk 72: Given Northern Irelands high unemployment and comparatively low average living conditions, made worse by relatively higher commodity prices, Social Security is more important to the Province than any other part of the U…","chunk 72: Given Northern Irelands high unemployment and comparatively low average living conditions, made worse by relatively higher commodity prices, Social Security is more important to the Province than any other part of the U…",,"chunk 64: In pursuit of fairness we advocate the total restructuring of the various Agencies and Tribunals currently servicing this area, namely the Labour Relations Agency, the Fair Employment Commission, the Equal Opportunities…"
474b6085b52f6f76,uup,Ulster Unionist Party,2001,"Don't turn back the clock, don't let them wreck it - Ulster Unionist Party manifesto 2001",manifestos/analysis/text/uup/uup-2001.txt,3745,65,24,0.369,14,4,18,17,36,3,2,15,2,22,4,1,77.8,51.4,40.5,21.4,32.0,10.7,39.0,chunk 48: Education Our future lies with our children. For this reason the Ulster Unionist Party continues to place Education at the top of our list of priorities. The excellent standards of education achieved in Northern Ireland…,"chunk 38: Delivering Economic Prosperity In a relatively short time, Northern Ireland has chalked up impressive results in jobs, overseas investment, exports and economic performance. As soon as new records are set, they are surp…",chunk 1: Manifesto Ulster Unionist Party The Ulster Unionist Party will DELIVER. We are delivering on all the important issues for you and will continue to do so on: • the maintenance of the Union • peace and democracy • greater…,"chunk 20: Rt Hon Dr John Reid Secretary of State for Northern Ireland, 9th May 2001 “John Taylor has made an enormous contribution, and I thank him for that.” Rt Hon Tony Blair, Prime Minister, 9th May 2001",chunk 48: Education Our future lies with our children. For this reason the Ulster Unionist Party continues to place Education at the top of our list of priorities. The excellent standards of education achieved in Northern Ireland…,"chunk 33: Developing a culture of lawfulness goes further than all parties supporting the police and participating in the new Police Board. Churches, schools, business, community groups must all row in behind the police and work…","chunk 23: The Assembly is jeopardised by the failure of terrorist organisations to disarm, to indicate demonstrably to society that their campaigns are at an end. Inclusive government cannot be sustained indefinitely in such circ…",,"chunk 22: Delivering democratic accountability As Unionists, we have a duty to make Northern Ireland work, to prove it is not the “failed political entity” of republican propaganda. It is also in the interests of unionists to sho…"
6eaf293bd7e689be,uup,Ulster Unionist Party,2015,"One day, one vote, one chance for change. Westminster Manifesto 2015",manifestos/analysis/text/uup/uup-2015.txt,8547,153,67,0.438,48,28,60,34,131,18,6,64,13,44,20,15,63.2,63.8,59.3,44.5,70.2,70.2,61.9,chunk 64: INVESTING IN THE FUTURE EDUCATION The Ulster Unionist Party believes now is the time to start commencing the transition to a single education system where children of all faiths and none learn together. There would be n…,chunk 1: One Day One Vote,chunk 36: • Cancer diagnostic and treatment services require urgent investment. The cruelty of leaving patients and their loved ones waiting for months for a medical diagnosis must be ended. Balancing the NHS budget: • Frontline…,"chunk 25: • Improve mental health and wellbeing and you get a Triple Win, addressing the legacy of the past, empowering people to move off benefits, and rebalancing the economy by making people economically active; • Create tens…","chunk 79: We will: • Ensure that every school leaver has three essential options: third level education, training for a skill, or an apprenticeship; • Demand greater liaison between business, second and third level education, foc…","chunk 33: We will provide the political leadership that ensures there is a strategic vision for the future that takes account of changing demand, delivering the resources required to maintain a consistently safe and high quality…",chunk 35: “Hospitals are also not always a safe place if patients do not absolutely need to be there” Our commitments to primary care: • We will reverse the trend of Northern Ireland having the lowest number of GPs per head in th…,,chunk 51: CONSERVING OUR NATURAL LANDSCAPE AND NATIVE SPECIES Northern Ireland’s countryside is coveted internationally and cherished locally. That requires that a balance must be reached to maximise the dual responsibilities of…
611cc38dd4c4cfce,uup,Ulster Unionist Party,2024,Making Northern Ireland work. Vote for change. Vote Ulster Unionist. 2024 Westminster manifesto,manifestos/analysis/text/uup/uup-2024.txt,9265,216,82,0.38,58,23,73,17,133,7,1,72,48,46,29,26,71.6,81.1,61.0,100.0,93.9,100.0,84.6,chunk 88: The Ulster Unionist Party envisions an education system where every child and young person can thrive and reach their full potential. We will work tirelessly to secure the funding and implement the policies necessary to…,"chunk 51: As the newly appointed Minister of Health, Robin Swann demonstrated leadership by immediately bringing stability to a service that had been left reeling after a further period of political abandonment. And from May this…","chunk 139: VETERANS The Ulster Unionist Party is committed to supporting service personnel, veterans and their families across the United Kingdom. We will advocate for the retention of the Office for Veterans' Affairs (OVA) with a…","chunk 51: As the newly appointed Minister of Health, Robin Swann demonstrated leadership by immediately bringing stability to a service that had been left reeling after a further period of political abandonment. And from May this…",chunk 40: Ulster Unionists are committed to fiscal responsibility and effective financial stewardship. We aim to work with Westminster to gradually reduce Corporation Tax in Northern Ireland to 15%. Despite past fiscal mismanagem…,chunk 121: Sentence Credit –It is not acceptable that a and capping what solicitors can charge for certain perpetrator can put his victim through the trauma cases. of a trial and on the last day admit guilt and as Challenge Seriou…,"chunk 131: The UK is a permanent member of the UN Security Council, it is a major contributor to NATO and has multi-lateral and bi-lateral defence agreements right across the globe. Collective Defence remains our greatest asset an…",,"chunk 26: Using our representation on the Windsor The Windsor Framework represents a stepping-stone Framework Democratic Scrutiny Committee of the Northern Ireland Assembly, the Ulster Unionist in addressing the challenges posed…"
